column_1,column_2,column_3,column_4
54.96714153011233,36.99677718293001,30,-0.12545426000290022
48.61735698828815,34.62316841456384,95,0.3278795241593574
56.47688538100692,30.29815184960087,75,0.08589300629333041
65.23029856408026,26.76531611147213,99,-2.219300372747535
47.658466252766644,33.49111656806795,72,-0.22979963057519381
47.6586304305082,31.967426927108747,3,-0.8514064342603136
65.79212815507391,34.47596610013866,14,0.17521141890851205
57.67434729152909,33.175859008409844,60,2.98525900260341
45.30525614065048,35.247763576596675,77,0.3674816654743044
55.42560043585965,27.32382394219716,45,-0.3135296861723979
45.365823071875376,36.58697032817163,96,0.9218015019772522
45.34270246429743,30.987998023461998,34,0.4826878872092127
52.41962271566034,40.37630436312633,45,0.4200944904518413
30.86719755342202,26.55406090955216,61,0.606850593215671
32.75082167486967,38.67981901582625,83,2.056543564829542
44.377124707590276,30.989553917313238,16,-1.1308884353259159
39.87168879665576,26.74290998192776,66,0.47363207681145447
53.142473325952736,27.58057082972839,40,-0.9263811299815384
40.91975924478789,28.3982634590284,17,0.5555126463422483
35.87696298664709,32.12082973200958,34,-0.9186865114860944
64.65648768921554,32.6141774401775,16,-0.4173668136050844
47.74223699513465,27.131499980307105,60,-0.2950899142379063
50.67528204687924,29.878227038695087,66,0.975816719344709
35.75251813786543,40.71135179305932,66,0.9184544439424138
44.556172754748175,38.637715850503554,90,-1.2457173764463845
51.10922589709866,32.18161834837016,13,0.054934110999848726
38.49006422577697,30.190017390841,56,-0.7095798547491726
53.75698018345672,30.600156633591308,31,-1.2585049106753345
43.99361310081195,33.06758986365208,34,-0.21701705042437042
47.083062502067236,24.88603717400797,39,-0.3084827884558197
43.98293387770603,28.713117312883274,67,2.4267164863455224
68.52278184508938,21.65707963061205,8,0.43295982536069616
49.86502775262066,31.996115613026397,87,-1.3776175007542373
39.422890710441,33.2359796985137,78,-0.5647740041709423
58.22544912103189,27.58406768850313,55,1.0213832954293984
37.791563500289776,37.869933816450164,27,2.088442772869925
52.08863595004755,23.871171684988294,93,-1.5859833122379583
30.403298761202244,22.6781255989509,53,-1.879924385139045
36.71813951101569,31.122259092799858,39,1.8709651753717822
51.96861235869123,35.23549151306077,65,0.38961417737090387
57.38466579995411,38.419638457289345,17,-0.8682927318763665
51.7136828118997,27.7055786856553,30,0.5346290861224353
48.843517176117594,35.393404167156476,53,-2.6357477390168778
46.98896304410711,29.807457652496463,13,0.003375506597160999
35.214780096325725,29.136863500295902,21,0.3278211728430852
42.801557916052914,34.41829968743336,19,0.9242701395378297
45.393612290402125,33.261614392067095,53,-1.0138959522925377
60.57122226218916,22.118039215078753,19,0.08568716140335904
53.43618289568462,37.38270174862948,57,-0.9254246260595873
32.36959844637266,36.90045677073726,25,0.2553837556743171
53.24083969394795,26.872186492452354,86,-0.8953463223630241
46.149177195836835,31.979017667187044,31,-0.4081008391602206
43.23077999694041,32.47015093141369,81,-0.9958153947902291
56.11676288840868,31.303368829119535,55,0.651136241823657
60.30999522495951,27.2484742307729,23,0.8584511166566653
59.31280119116199,26.641883160309742,32,-0.2346205699574138
41.607824767773614,29.872229645042772,62,0.03823799496002834
46.907876241487855,35.86364509629682,74,-1.4485914146335441
53.31263431403564,32.71800077297216,10,-0.29967664800678706
59.75545127122359,28.14692833956947,72,-0.05020461704174478
45.2082576215471,33.85849355324172,54,2.620793091029975
48.14341023336183,15.757286896849623,52,-1.1119670257741636
38.93665025993972,35.74382850186052,20,1.4641772387524374
38.037933759193294,21.3014311061095,32,0.996858773465808
58.125258223941984,28.18779529298434,14,0.2806364044901364
63.56240028570823,24.401650526869282,50,1.7586204841951334
49.27989878419666,23.526592621395473,28,0.3721054726068629
60.03532897892024,35.8041339368926,53,0.3891591956679287
53.61636025047634,27.661493993440544,24,-0.053120653017545344
43.54880245394876,31.73251940865358,79,1.2235688824186275
53.61395605508414,29.76539710560408,22,1.0964692338108837
65.38036566465969,32.385204136115604,30,-0.6256772874962124
49.64173960890049,30.384109455301278,63,-1.3192471945987674
65.64643655814007,23.58503887905715,4,-0.20298063739565708
23.802548959102555,34.9813340972357,77,-0.8000385643976464
58.21902504375224,27.531217084193436,59,-0.0635245746153551
50.870470682381715,22.217090506701243,87,1.2374381346841392
47.00992649534132,27.859424195170437,8,-0.45730165508679
50.91760776535502,37.503798953171554,82,-0.04282338131157488
30.124310853991073,34.251108710567465,12,0.058022734808395225
47.80328112162488,28.256739327960705,31,0.8484308822052846
53.57112571511746,28.253711478407855,78,-2.246889333984605
64.77894044741517,28.391824743913087,34,-0.6067002947652964
44.81729781726352,40.383739917804206,82,0.2112836922794726
41.91506397106812,31.909677261157768,98,1.2000789564268612
44.982429564154636,32.15020823595535,75,-0.49190244750620515
59.15402117702074,35.151417270159214,76,-1.876552706041874
53.287511096596845,31.193945795132567,49,0.6197114459661363
44.70239796232961,28.704789270896484,79,-0.6353623888256293
55.13267433113356,29.01825075457511,57,-1.1896666590903613
50.9707754934804,29.641993702929682,95,-0.6243453897132241
59.68644990532889,29.813888817450792,93,-0.18452535765584954
42.979469061226474,33.6381477181849,26,-0.6047446645382127
46.723378534022316,30.259729429036497,18,-2.205566057099069
46.078918468678424,33.6632003860779,96,0.8970661968871322
35.364850518678814,29.59641709945709,86,1.2748750412787222
52.96120277064576,30.393175951580453,38,0.6515219913395057
52.610552721798896,20.008996577339463,81,-1.1376856704248166
50.05113456642461,34.581638373512405,87,-0.20149153394751798
47.654128666248525,31.732442379489964,88,-0.006521315229458062
35.84629257949586,34.99005054929826,50,0.5987943895619102
45.79354677234641,15.518723109031553,8,0.6683404887180808
46.572854834732304,40.44187352390364,41,-0.7341737987784958
41.977227307783814,29.302051859224132,6,0.08199555641356042
48.387142883339905,35.54091408368758,69,0.4572804046152411
54.040508568145384,24.800470364372345,44,1.4558223221467665
68.8618590121053,33.063869525312846,64,0.704506539824723
51.74577812831839,24.73292218413172,29,0.7890566873755188
52.57550390722764,26.881155196520975,28,0.08382662792936095
49.25554084233833,39.570156769333934,11,1.410459145203504
30.812287847009586,29.046587996183266,65,0.4097627959594974
49.73486124550783,31.087164365898616,19,-0.8610879101735704
50.60230209941027,34.35033865344377,9,1.4033699701251907
74.63242112485287,32.47840943986302,27,0.6979032725390276
48.076390352188774,30.752094525717883,34,-0.4430440211284823
53.015473423336125,31.824805012331126,44,-0.47949296739924335
49.65288230294757,42.01707792619138,68,0.2965755451407616
38.31321962380468,29.711906014832074,82,0.46318479526758444
61.42822814515021,31.005495233574837,15,0.19729226563120666
57.51933032686774,35.25327198003806,51,0.31130867344288515
57.910319470430466,35.52762966478992,13,1.6999573745763805
40.90612545205261,35.9351515278019,83,1.0715431522348857
64.02794310936099,33.19365111014592,49,0.19063559126502438
35.98148937207719,24.284975436347583,70,0.9413105807674834
55.868570938002705,38.16715766150548,56,-1.0325239035275395
71.90455625809979,24.26827303490656,76,0.39792704994680894
40.09463674869312,31.513177326195166,51,1.80930634973311
44.33702270397228,26.22862074990321,37,-0.21804589539237385
50.99651365087641,29.679308267035037,17,-0.8476339286190848
44.96524345883801,31.643812051517404,58,-0.6520888885930607
34.493365689338674,31.606786077251364,87,-1.0896330373423884
50.68562974806027,32.109603771176424,90,-0.7847619081277034
39.37696286273895,38.06855634529324,29,-0.370508098590029
54.73592430635182,32.2676715075699,33,-1.405567019178642
40.805757657661964,28.779216823546758,60,0.015618333949603047
65.4993440501754,34.820435841441785,91,0.9022771737866472
42.16746707663763,35.947352444623206,89,-0.9077561801469204
46.77938483794325,23.86196092431504,55,1.5192839236417688
58.135172173696695,32.98700034924929,10,0.5107920885275947
37.69135683566045,33.50586371155449,47,1.0305805856240573
52.27459934604129,28.51218248320004,23,-0.6578345538521371
63.07142754282428,36.878534066558096,85,0.8545252270666157
33.92516765438772,29.249722064837364,21,-1.091933900395313
51.84633858532304,30.627882267357712,13,0.8902475008365087
52.598827942484235,29.13464087858065,33,0.1718393397935313
57.8182287177731,30.077895237907338,24,0.553251219984784
37.63049289121918,24.51862456552399,11,-1.1755946056248516
36.795433869157236,22.79974558702853,17,-0.8950698422766047
55.21941565616898,37.97252531612486,68,0.5972282182533848
52.96984673233186,25.76519325840836,47,-0.9483480042242007
52.504928503458764,25.043038252718464,25,0.46320629209912306
53.46448209496976,19.233049431981428,94,-1.3671378064602457
43.19975278421509,26.805191261552487,73,0.8481742126666681
52.322536971610035,23.384551032962506,21,-1.232523314768509
52.93072473298681,38.21007580068184,84,0.5522999376795235
42.85648581973632,35.04908544671317,83,0.6256309336460011
68.65774511144757,26.559248274111383,83,-0.6967718184295749
54.73832920911788,41.26217902672154,12,0.5820265670847269
38.08696502797351,34.90882743495797,37,0.26044226333355597
56.5655360863383,28.37584308245689,42,-0.5388418561927383
40.253183297726785,17.502971425632136,17,-1.008554684076208
57.87084603742452,41.454712862953706,48,-1.962625691672579
61.58595579007404,23.05213766618202,28,0.3496500472996937
41.7931768164829,21.773006265215542,41,-1.5648027713620551
59.63376129244322,35.1128521600482,99,0.0953441994413082
54.12780926936498,42.19876203169636,47,-0.2634482160822491
58.2206015999449,36.921364092552594,18,0.6791427754381955
68.96792982653947,32.8195456002618,78,-0.3020454994898642
47.54611883997129,32.97377170832643,99,-0.32944778634709126
42.4626383564251,34.267077793901535,71,0.7318707042882954
41.10485570374477,33.79464294893383,13,0.3350580290841175
41.841897150345616,31.405957119846878,82,0.3161559571827783
49.228982905858956,30.52100551975938,13,0.46926758980852623
53.411519748166434,29.687034360502388,31,-1.5355721232071058
52.766907993300194,26.23017705566662,2,0.756788679986982
58.27183249036024,28.59662461566613,16,0.6124687940136023
50.13001891877907,21.535215929023074,9,-1.0166831285764972
64.53534077157317,29.50830186602625,73,-0.2440804736742013
47.35343166762044,25.05704446424541,38,-0.039307287627631186
77.20169166589619,24.482053413921143,75,-0.1344967844017327
56.25667347765006,30.899470755767393,54,0.33385996656853467
41.42842443583717,36.960011431723,56,1.4313667818311835
39.29107501938888,34.59158303001156,86,1.0817667276728287
54.824724152431855,22.147496981884114,97,-1.3122191934314063
47.76537214674149,25.051859317148313,87,0.6220699903060487
57.14000494092092,34.70385593994108,45,1.3289333195354096
54.73237624573545,25.087563032308452,34,0.38680852068920263
49.271710873431275,28.876834250014877,9,1.090980425185967
41.532062819315954,32.75026049512276,88,2.012270445700765
34.851527753141355,25.158277725681824,8,1.0237095461069814
45.53485047932979,30.5268775307298,7,0.24930859564172886
58.56398794323472,23.329872525408977,36,1.0450884740847535
52.14093744130204,26.99316178024393,18,0.14488783309689118
37.54261221288012,31.598909670712686,3,0.02390304328495547
51.73180925851182,22.035031332341653,28,-0.3514142357137326
53.85317379728837,32.202373689801995,70,1.5634133588321084
41.16142563798867,29.901811005366593,44,-0.8184286659420014
51.53725105945528,32.76244977208574,21,1.532367724678116
50.58208718446,31.119570670323306,28,0.49986412374037126
38.57029702169377,36.82070214986922,54,-1.3993061748019413
53.577873603482836,30.626122513239537,54,0.3676492929914216
55.60784526368234,27.852972294373735,65,-2.100026507651624
60.83051243175277,30.611487515161418,21,0.6255080168310357
60.53802052034903,32.71649014518194,99,0.885231482988991
36.22330632042909,30.24430035162852,13,-0.5923559556520536
40.62174960084877,30.202958456019413,57,0.12354769595558233
55.1503526720866,26.490041560966223,49,1.9541574337502863
55.13785950912209,26.68549541224526,54,-0.5057467042619367
55.150476863060476,22.986973641001534,10,-1.0589075870566005
88.5273149065472,38.7478837159347,53,1.4816634024625988
55.70890510693167,23.780683823043574,44,1.9625871905307948
61.35565640180599,26.53547401102046,47,0.0036956718478473255
59.54001763493202,26.40796367215401,53,1.0114630354083562
56.51391251305798,34.474621884722204,74,1.341475915530881
46.84730755359654,28.52525160853986,46,-0.742484232538384
57.589692204932675,36.23871036336867,13,-0.4853058353678683
42.27174785462428,26.63254687878066,37,1.230874513154735
47.63181393259991,31.39497081111901,24,1.6850142787085094
45.14636452170897,25.823264733701212,2,0.5628808601743548
50.81874139386323,40.72574563886694,86,-0.8798143535020543
73.14658566673509,24.062007904852436,81,1.9870611116994412
31.32734807408252,31.549103551135136,14,-0.5309708978119645
56.86260190374514,33.168884404660496,10,-0.33513778117145177
33.87284128810348,32.06899548725749,35,0.34233783448962146
45.280681342105666,29.073561705611457,25,1.5541604207147741
60.889505969673664,29.35089650133287,3,0.8539759765522237
50.64280019095463,30.219057359895547,17,0.41486550036191056
39.22255222070694,29.264989991857558,12,0.4632885301181064
42.84696290740032,34.81939558397455,54,0.04351466864346608
56.79597748934676,41.05261500795676,24,0.5581395145185063
42.69633368282863,27.212541074960832,29,-2.529560077694303
52.16458589581975,23.15098510210461,43,-0.29660745906979835
50.45571839903814,29.558589758243727,25,0.241321934916781
43.48399652394183,42.898546688271594,60,-1.151014083619507
71.43944089325326,25.981627160151348,90,0.38632331781156
56.33919022318011,38.195584027220335,65,-0.20447122098612153
29.74857413342393,38.388504070382204,84,1.7554756983154902
51.86454314769428,27.232058791460027,28,1.5730197252148568
43.38213535231612,32.84491539592638,16,-0.46580556911816284
58.52433334796224,38.14198311564269,47,-0.15083771156669531
42.07479261567299,28.104361295062564,81,-0.0739475656083926
48.85263558533101,28.982098199488192,92,-0.4516594761596227
55.049872789804574,27.09159543025678,58,0.19502498402812674
58.657551941701215,24.926216346535664,76,-0.7582820688875902
37.99703592944224,26.753612274669965,27,-1.1306153349375263
46.654987641590516,23.880298666188718,53,0.6227112239002686
45.25054688839044,30.17041734129613,42,0.6295295842218108
43.46670767426288,26.150133844706794,59,-0.8043157596599924
67.65454240281097,31.16892955895374,47,0.8953554307625996
54.049817109609556,22.220521768981865,94,-0.6315777291653314
37.39116045664955,31.654401161072286,34,0.2531652380379812
59.17861947054776,34.16764480804462,37,0.820344012612456
71.22156197012633,20.031321787142723,6,-0.03361256470371303
60.32465260551147,31.87028284923786,7,0.45474091214113466
34.80630034045986,36.13834496236646,96,-0.5164296438875717
45.15765927133749,23.951794906543974,96,-0.19646658342809717
62.669111491866225,38.362861934188516,25,-0.20585943088034037
42.923305343812196,32.095095046830224,33,-0.7465783465402389
54.43819428146229,26.474940721207957,55,-0.1767741631157821
57.74634053429337,29.72115461171147,58,-1.5486182988637467
40.73069528421917,32.791634562608614,7,-0.4911537471421047
49.404746439382,30.380026957062057,57,-0.28487549336967083
17.587326599309275,32.693779962231844,12,-0.2561797524953804
39.756123586657104,25.39663203460317,16,-0.24149744587077906
47.4743184860684,30.84680412018039,80,-0.061764199860128925
37.52216818035151,22.9314275154751,43,0.4794415180860639
66.32411303931636,29.4438696932565,77,0.8745170741325226
35.69858622039367,25.480461792676053,7,-0.6497652268482671
45.599555133030165,26.32235028705117,51,-1.2032008553891445
51.30740577286091,36.18046587605219,73,-1.042044412243103
64.41273289066116,35.45655060297135,32,-0.48720292119492714
35.6413784882056,33.045690604535885,75,-0.3519213178165091
61.63163752154959,24.538436176637106,8,-0.7699960661974573
50.10233061019587,28.41795775152599,97,-1.2961166642498945
40.18491348952049,36.06548849989592,87,-0.4561208274741882
54.62103474263271,30.708584568199523,89,0.18142662011397137
51.9905969557347,41.59664769990847,72,0.5950294658355647
43.99783122841205,31.96658919697186,45,-0.5574230531083212
50.69802084990019,30.96024558245016,86,-0.41299782214343406
46.1468640313824,28.454417678987493,59,-0.9266983088473107
51.13517345251248,30.66770452391141,4,-0.03143917037477642
56.62130674521046,29.237650818097283,67,-0.8484286341908146
65.86016816145352,33.54054338344295,29,0.5731278132412001
37.62184501173151,34.78351158397292,29,-1.7858664919341112
71.33033374656267,26.070052697460252,98,-0.3596296724524622
30.479122004774982,23.34383523221111,98,0.3011073391917419
48.482149049644164,20.818973134483517,28,0.18383451632250436
55.88317206484576,32.53995663456272,77,2.6930336639804966
52.809918677350325,24.483166969130632,79,0.3498000245679074
43.77300480179406,19.235547035237587,87,-1.0040545968420098
47.918777496427246,31.942893022654822,44,-0.09546424708907304
45.06999065341167,42.46499758716395,90,-1.776246333466452
44.106352430557884,29.969645442300532,4,-0.08059974929676088
58.49602097021025,34.19245387225821,90,-0.8330560570007587
53.57015485965047,30.409146792737825,9,0.9153902755601617
43.070904047393455,29.505551734044285,5,-0.5495402745955349
58.995998754332504,34.59538241493884,56,-0.11676591579524663
53.072995208766095,28.548627279056742,96,-0.6355578414044034
58.1286211883896,31.336961570359513,84,1.7388513518533313
56.29628841923612,31.608489030980067,50,-0.3212427661179117
41.710049890779274,26.659547731784755,75,1.8325570434792018
44.39818959803031,34.960211747682614,15,0.8141517621182666
57.472936051232615,29.125201216522957,32,0.48206672733538614
56.10370265433465,26.221274202535778,28,0.3687331473175197
49.79098406035852,32.68254921785202,22,0.39379729821625153
51.17327383308782,25.507660091044812,17,-1.92767257934561
62.77664895788425,30.140905786845643,59,-0.2788833941507565
44.0842861116417,29.95440501677898,90,0.8451579711843216
55.470973811700375,35.42947782915789,71,-0.04889718347410554
47.97807347566106,32.373491164399766,57,-1.405189846803575
47.8231879677278,29.87486520627428,26,-0.05240445057746945
60.987768519871906,34.08883149600143,25,1.7041055162554912
58.2541634898803,36.951037745086566,10,1.2468917155347194
58.135096360006386,32.78905153175931,45,-0.062004009366031745
63.05478807154329,30.051763099216902,83,0.9514492770580866
50.21003841632759,23.440818838249204,11,-0.36650702036805183
56.81952971294964,24.674431684623137,77,-1.703871586826719
46.89733243406544,28.47387647822666,53,-0.9244659881295544
53.24166352488442,26.952438989203586,72,1.5628887685081978
48.698569456323156,29.06514348507277,68,-0.2739930818293042
50.96995964992718,30.283249624485535,95,-0.24338397937501807
55.95157025436914,32.64846377178365,28,-0.29983819627488056
41.81779316766527,29.647506109704544,75,1.904136589573007
70.9238727568546,32.43250821913101,65,1.6259589153620633
39.93982618500298,30.3223720740506,49,2.218780233448134
37.85811387212268,20.12266716823064,47,-0.1590452104000513
61.581108735000676,25.303323030906228,52,0.29562448874709507
57.91662693962936,29.279562221391924,88,-1.5166425494207911
56.24119817052155,23.95152628579446,54,1.4769344261182744
56.2834550926428,32.999643649981024,60,-1.167779551267935
49.87753227153085,37.65375416171849,57,0.2167755637626291
41.02745628514168,36.09380925848658,47,-1.097302527632844
50.75804558193726,28.93278564534896,31,-0.5888668267386961
43.22838288487888,37.45363068424976,46,-0.8372624310497003
59.75119733417751,30.743337286010558,26,-0.6078752606758179
48.52942618497861,28.314570144409803,5,-0.5391227031489786
41.745028032074885,26.9329866822953,84,-0.5482687949250771
46.78614158347006,28.487651567559357,52,0.8333339117803071
54.12931454275625,28.059115907293855,75,-1.10486279306252
44.36275447196025,30.85208111187744,54,0.22054142701386686
41.77779604433569,30.802869905249324,33,1.2179591523055584
52.436872114919126,30.015230100767074,50,-0.513196364513396
52.44966571108723,32.18469084873175,38,-0.7179188907476018
44.9305682462887,35.95323137393171,27,-0.23052462518025083
45.289616943816775,34.74777067720662,98,1.1797252083607102
52.32049937357636,22.575510157750482,15,0.1941076309533577
35.51915658502676,17.230394325490227,96,-0.5312142946075984
35.92536225623445,34.67159955619637,61,0.48387665118803963
42.81555778747564,23.165606507922895,21,-1.1022921498364233
47.86552848288153,28.87617299053658,46,0.681359510442948
53.10907565598004,24.149434869703203,69,0.40860730770176745
64.75356216949552,20.9900978120999,6,-0.307808471138884
58.576596232020194,32.70731364102394,38,-0.8385857984472311
48.40061470036573,33.79577580151324,62,-0.8866809222834574
49.80983792097311,27.1174479963664,86,0.5348173363459102
39.97470635362191,17.04478853927545,62,1.2289805024890619
49.8148686400761,27.268777758737585,82,-0.637307747028795
47.113413610798624,31.959020027012734,78,0.4583867035514844
53.227185603380896,22.605442156129357,74,-2.0870270186020687
41.727690564476774,30.91679959889578,46,-0.5846177306571996
55.193465142411725,29.923450754135022,13,-0.031058932870901952
65.32738913002578,32.89645749800544,95,-0.9096834169818336
48.91239851543143,30.597901842070765,94,-0.9365063747895958
54.01711722098941,25.13465529559222,3,-0.667779556468886
56.90143991711113,35.982857508322454,94,0.29219272832637316
45.987795281141636,29.20735213486515,6,-0.1873290184063747
52.24092481810417,29.86347730245034,93,-2.238231233324972
50.12592400781795,25.33366020463402,8,-2.120700152635066
50.97676098548832,27.783588744042447,44,-0.6068651778571752
42.26990216144534,25.575986429865495,33,0.4576865860535519
50.245101742589426,29.135269700382885,81,-2.7475048427252347
54.979982912454496,38.558542400711715,75,-0.4997301761516306
64.51143607795042,23.14049428534322,77,-0.5262478565174211
59.59270826085207,21.932193010616295,50,1.3883377782084478
71.53182457511556,37.35585163746804,11,-0.38502181171286365
42.326524371119504,28.95338161424067,95,0.38298898474092846
58.723206367206785,26.654636306700418,28,0.14125714008746323
51.83342005738352,35.199523436980385,70,-2.1305664798072006
71.89802933217672,26.97192230131568,41,0.7682072166317373
41.91701714644849,39.13004856773468,16,0.21539650545628794
41.60278157819224,33.38962935669635,68,0.5082686396745896
44.00607354555978,27.560442959271487,99,3.9262377064363267
28.76104275690193,40.786541066327516,48,-2.0841129394985884
44.74244978319239,26.97142538498331,56,1.7246966497611085
42.40867338446302,33.71047686004653,64,-0.28744751940035557
51.50393786476208,31.49646290203246,59,0.2873289044030093
53.41755975777159,36.50870644699399,90,-0.04551224530124217
68.76170839215887,37.807555983634266,62,-0.4242363333980435
59.5042383818605,30.160020745328833,76,-0.5698329282387585
44.23096344337597,26.232910648269083,11,0.329508735573009
41.01585328651642,32.29986071469558,89,-1.5171736966716791
54.919191715065054,26.61142315123947,18,0.7505791675217656
36.797667929793576,40.066936237633115,19,-0.41619440488525394
68.31458765854353,30.682676655413687,87,-1.1300693390403578
61.79440120721287,28.173392243439455,55,-0.4500128579958137
45.30824347895295,30.923401529324543,82,1.2571492168625729
32.86865470909122,23.264368552351517,26,-0.5353350870162233
63.53872374165413,25.141929807446743,6,0.3584536182096204
48.85460154747382,36.00206953972213,4,-0.7309562757154733
62.378163119734616,26.71552860514302,29,0.7579218499236196
34.05572341205633,24.7654450865903,59,0.6855077387902041
44.00624977046227,32.68326376263643,98,1.8486088332964115
50.05243699718183,35.928520773314986,17,-0.1755639454992155
50.46980593764742,33.594766553325336,43,0.6686548047579066
45.49934528520756,34.98023842902908,80,0.09806753953894455
56.228499323474985,26.216024557152696,66,1.2958717818630143
39.32379570617405,22.89094666629078,34,-0.7188323876087304
48.576205149787064,37.506668259777435,8,0.7450053128772811
51.20295631711899,28.38660080578932,13,-0.19469729611668168
55.14438834058749,28.745834917724764,8,-0.06418817710849775
57.11614878088889,36.64097070924529,94,0.09175248444837286
38.75357908162131,32.7811500470033,96,0.2522403964266774
34.65885829264378,32.279438860408035,94,-0.11622904312195795
62.77676821898509,40.82501172450542,65,0.21471318317052593
53.323140119795916,26.782408848099283,43,1.5781180575621845
42.51513463443446,34.63920064040619,39,0.9854496856152184
65.51151975522522,30.285065624485423,81,0.8691545924968965
51.156746342928585,31.342961394316287,59,-0.4555395260238707
61.792971840638266,37.64234213206266,84,-0.8892408282283245
50.67518481410109,32.53917878144812,88,0.9553005582377531
70.60747924881987,32.69148039524816,86,0.8760467925297942
67.55340842443205,35.362536686549014,93,1.472670675750982
47.51035851520926,28.175236352285573,86,-0.6039806259692295
59.71570950954355,25.803951663304968,44,-0.22954865536034708
56.45375949585148,24.775954029894834,9,-1.6394841625254342
63.68631557532348,20.168217053119992,37,-0.39247110606087293
40.35076539419896,40.28103564970161,74,0.9965705105794472
56.86051459998439,24.483958171391585,36,-0.46649537922819795
60.58424486849588,28.89373188207114,92,0.6404797952008238
32.41260513576886,28.615933500555396,28,-0.19050310599781134
38.16741487334225,31.537033489045502,42,0.32405702822156063
29.607678222398995,34.078686062696484,43,-1.1476913898156673
47.305931655554424,34.30236744179873,85,0.08520944963390106
57.17542255795962,27.084612807155306,88,-2.9911359709007233
65.02357052096028,29.164391431067944,42,-0.18689615816198485
50.74094780419775,31.412899752441497,66,-1.6304732437151401
66.28615545571292,28.756544369082263,55,1.205994516546816
36.198985417851084,38.03672788009996,72,0.7774073527645112
32.96617560644845,32.45487475819126,48,0.466670981966081
49.44452301103381,33.67438893024909,91,1.5210062271593798
53.840654489393074,33.31440634333706,22,-0.9489165208248372
49.67305251905907,35.86736928742663,27,1.7473631979155582
29.325578999601234,30.905107793518535,93,0.9321915642603847
49.10879960487212,23.515840260220767,67,-0.23655528721894603
36.95530499495147,31.998439758763208,13,1.1356201471829441
56.69672548830039,26.743215531040853,45,-1.1062935124116342
53.665982460968486,27.356916591251217,10,-0.8245141615276735
40.60120213672645,32.931820093775464,9,-0.6085897232397004
44.861330826633065,36.191415357168175,54,-0.5289777080640152
39.40786478111048,30.106357883680307,27,-1.0565576427602528
49.37320902726828,31.544165062994818,34,1.223083067095325
59.551423205012384,38.511074723176186,1,-0.25885440036983165
40.14273953664456,31.203765897442842,32,0.35250496835687956
55.040465155178445,43.008415570901974,89,-0.5703513664136806
44.697423816275595,32.827548228157724,93,-1.8206033005485172
42.07127167737656,21.19618620422091,71,0.2700573583914221
48.929696400454425,33.76670810552266,67,-1.9122549754197768
39.64757677580626,31.90579192441389,84,-0.06863404608546861
44.46350694652818,36.44876377041373,20,-1.3683150388328105
38.021221074111516,33.365906756349794,94,1.987275999230808
69.6472513291639,29.307720080081133,35,0.9113627221747217
50.35263551971729,23.878508818553172,99,0.10575379127148042
43.00274492007414,28.954883713569874,91,1.2637066776546686
52.13979910734222,25.7473977289535,90,-0.8463159774657358
48.87671950309171,27.097382750976386,78,0.543479378670093
47.790304004667775,32.942892022103045,17,0.1998104337187135
56.14166700043425,38.34952252175703,18,0.26402008133367
57.57507710047305,31.973357649114906,45,1.2723535001067678
44.69498852389472,24.020584689824076,93,0.7324921027798023
44.2418175935532,32.2230133411007,84,0.28872366282502326
47.24948302848356,35.98315743322826,53,-1.6548874362282961
26.98078835264415,26.95108547840309,91,-0.9600462952794637
34.84808937801448,29.32991416663541,82,-0.12270893359572414
63.66874267444524,30.073440973645987,68,0.09337237427665124
66.44967713501283,26.0755084345888,65,-1.1302037246739238
47.50963960443622,33.24140216921929,1,2.411676675578421
55.765569630557664,29.395259256961094,58,1.516394055253573
53.112501545435364,32.09766221953514,26,0.6021183203924836
80.78880808455237,25.562539110989498,20,0.07203686128374492
61.195749114345766,27.812708498382946,87,-0.21220896990115218
48.72082408519233,33.61190678913886,10,-0.9519184600222356
40.44459559399574,28.135834239541165,59,0.07748051851886253
33.93553679742428,38.63481925616703,75,0.2577525401427507
52.03463635867223,28.001819071926988,41,-1.2417605754816243
42.436492547156966,31.12342362875943,5,0.33417641724489744
35.77746290402326,34.66295415936545,65,-0.15525904882474875
43.534271157574736,22.908171335334842,17,-1.907807557877391
39.18451996385605,21.19595594009612,22,-0.8603850107795019
66.87141635072565,22.371718427149528,98,-0.4136055334216442
58.816397569494505,36.31292051713591,41,1.88768765734019
49.92027358683383,27.240709270537767,93,0.556553124533758
64.79944138890026,42.79099642834126,68,-1.335481569099891
50.77368307647618,27.178762006713058,69,0.486036289417637
41.38715798671736,30.922756515985185,11,-1.5473039889383655
65.23124077269657,37.71054976283938,56,1.0826910538870733
55.38910043684659,40.03046444079561,51,-0.4711246518178786
39.62753845673544,40.30751788318199,21,-0.09363618873917087
48.09661321916392,36.04183115296571,99,1.3257966475421905
41.24381746615243,35.12031262905731,76,-1.28716356858425
36.172002690356635,32.96263474600592,26,-1.3971181851129912
59.26177547531641,33.89180538083319,19,-0.5835993263460049
69.0941664047013,27.244071418357333,60,1.0383788510193166
36.01432426180859,25.909005582888465,71,-1.5193460754768426
55.62969236690571,29.98312771294524,47,-2.8321555981105697
43.49357430878173,29.149076887375358,71,-0.4511588584089988
45.12874616235304,27.733859753363625,26,0.5517407999109204
44.07606075761131,33.481937237283574,40,1.2002617497388293
41.36009230320184,34.77652604285255,5,-0.463161362085399
50.48521627944827,30.442034431459238,21,-0.4114266071160025
41.69049883588962,37.38765040527631,78,1.1539007342557475
52.704568257798385,24.291554429332475,4,-1.8697416996954206
49.49761890550863,29.03170270360141,23,-0.38852077518300926
47.6105195313359,26.415888396985974,84,0.19042388992505774
40.92436337958402,20.6673169146347,15,0.44921872128503426
44.23228669431667,29.586596570786504,93,-0.5098066931908826
57.55391225825756,29.39126245808358,8,0.03444101170584135
55.009171876243805,37.567248716210656,41,-2.4883273534129895
40.22444755201449,33.154058422773886,19,-0.6582484123338483
50.99332305429226,24.879065878353977,46,0.4535087125544674
57.51387123371789,39.27046283167094,28,-0.9822940342546795
33.305947188786284,36.10516847762676,91,0.05898422158959733
55.43360192379935,32.910488517343076,68,0.4468725008026977
43.37376241054153,28.86757950575084,15,-0.34254920085776497
55.70598668593159,25.202803816382602,99,0.1704637709965709
42.367408434574834,28.138966119644735,37,-0.9627325652846123
31.95117899335481,35.443743098520926,1,-0.20661127969604665
33.72457562116837,39.42293152967304,67,0.6102161695892225
50.48084946661382,37.71621764136094,24,0.15697296096843422
52.59722501721482,27.55575289106863,27,-0.5865312695639355
40.956833748955916,24.401912833554945,40,0.224216404290793
56.38592458777374,30.70443123455602,63,0.714609790636618
33.3847993773104,21.15780317218574,61,-2.049941278577478
49.33920201352684,31.615838570923906,36,1.1590740649558977
37.889838002375434,29.261987068506656,98,-0.336254738681072
43.48163892197841,27.66981749065879,93,0.42548993324023027
50.47398671316414,22.02648466366602,24,1.197246923645228
41.39586634716048,32.568000532848586,24,-1.371673697230466
46.154444557701744,27.336495801690443,4,-0.7094410024275466
60.0629280921444,24.15041582144856,67,-0.2885486958757048
44.231081304768516,15.638688933591753,34,-0.7837535211244283
58.35692112065142,29.862425474746818,57,1.7349365758368085
38.702931453423815,38.86125798334872,49,-0.8567720938267928
55.298041779152825,38.30629607273935,87,-0.5555467794868666
64.41568620657901,27.71451871706864,53,0.20438903160297678
25.283554998727105,26.988939698191096,23,-1.2021495260760888
42.03104744529523,32.34387128037512,69,-0.39568071175626385
55.7707212718054,25.008072804058543,95,0.31745326125017487
47.96954613957007,31.50895949909733,53,-0.33286040438251097
53.71145873371309,33.83040139192345,62,-0.09338685889994834
43.960148132841795,36.13466611942154,41,-0.5293321124483711
50.865897874729,29.499229617600236,57,-1.514470309180767
48.44322764607921,28.98163124911517,60,0.32159321133923857
61.677820616598076,25.610087066217194,54,1.7549330716472415
52.54420843301213,25.8655982298007,70,0.01840163078343813
53.37602662075202,28.867605540492367,57,0.22526411724754958
45.881230338775325,31.83682753408089,10,0.6927227551168597
45.123937759275066,34.567923131166246,40,-1.2693304965466992
45.67441812180379,25.984105246598276,7,1.7025146581296056
53.944521423782966,37.46344284479761,38,0.20232879642280202
45.79015519179737,28.644381994787157,85,1.631856899089109
52.897748568964126,29.89316352825782,61,-0.7330329955239894
70.75400798645438,26.263941604260882,84,1.8180619225578247
58.711247034316926,17.878798698635293,3,0.7751554940347829
46.73976467832159,34.42022698180525,51,0.5530400858523584
62.01213922163945,33.684219485462165,86,0.23402445435314795
45.91924626978449,28.593362214408934,47,-0.24852861807444937
29.61875464822146,30.33495358612436,68,1.2005316584738726
39.91913689082596,32.5796960885205,92,0.14035986984804696
31.292080789741444,22.187270715567287,76,-1.9670697035871527
46.48486515958691,27.354736613268525,38,-1.1171864617070026
50.184183791895514,33.971323398109135,36,-0.1858457521927471
66.76437312275283,23.728552884153753,41,0.3099989831655548
53.269273737641626,31.467789660833148,69,-0.05658848889989584
47.80899471191136,23.217090976882975,13,1.2189707897936632
58.294055811834895,32.33214991216763,87,-1.9511018640386248
27.88864690992115,29.821792588512583,58,0.1435879365051602
52.35614558108566,21.924340920472453,50,-1.8179792253871547
57.70865193886967,35.82369677228586,30,0.7597122954841684
35.214137542201584,26.327042116009753,62,-0.09445871444200275
61.43754043206929,25.948737814928098,25,0.41960997202411815
53.38496407494414,31.002845986154714,27,-0.8638829605897661
45.847120860991986,35.743186747143575,51,1.279464931657751
56.32781866106285,24.920890905108017,78,1.0417246640588513
72.70692857804396,30.30839924923986,57,0.5835443030118876
51.81866255058495,32.14408250165287,47,-0.12951724686344077
52.48220586300336,33.46552803631572,39,0.5798572852951321
45.40639100459756,30.882207776386124,16,-0.7068925679873489
41.50155630535208,28.164860804583387,22,0.8555556590207121
58.303358165442454,25.862048896756402,85,1.649480894323921
41.43916174091133,30.430719415231874,54,1.0706105599791862
50.715662372193925,24.639304940071966,21,-0.7296024698074095
45.223425532348834,15.393247582526964,72,0.3614173172731029
54.78979825746392,32.18279902078834,16,-1.2931415437586478
53.33662105286948,34.519674205430974,59,0.5723903111756757
60.375399442578995,18.18533782229081,31,0.45060341286253885
44.89983601145253,24.95134647645031,42,-1.869816339532164
47.30125064706629,33.09577130502599,74,-1.1617838439123638
40.21236284217693,40.2874773485585,32,-0.28313889674376713
45.55706739923889,30.10396853837704,59,-0.30085974714082625
53.77300493044852,26.35998529385433,34,-1.2094769354188053
57.56988616645352,29.0855177944758,9,0.388978729352184
40.77834675822375,36.87438209574093,81,0.25147360894051224
58.6960592010566,26.770179104377323,11,-0.1942691319785193
63.55637858804951,26.00403996674873,96,-0.7557915001583629
54.13434903223701,27.58628238908984,10,1.0487071264165635
68.76795812558066,25.233356958706437,86,1.6554071130882952
42.26210800896427,30.613351579973976,17,-0.4835614838465371
37.55345296688583,38.1233922923478,68,-0.6121669171548207
32.212797510957216,31.615396365580146,48,0.49120766541199645
64.96044311489183,28.738232489368563,52,-0.35802937974698634
56.54365656354058,28.54094365542228,25,-0.13939720066323416
49.44415329089545,22.184045956516716,21,0.7396531517246714
52.799686263198204,34.415548885735795,65,-1.9093560875072928
38.74510952701623,29.61081401493599,63,1.3183023248526693
74.45751979616827,29.09760043204687,89,0.07268052432934134
51.292211819752275,45.965537839224304,51,-0.4114931445621802
51.09394794604893,31.49376454182843,36,-0.08923415422144892
57.25766623898692,26.24104474952408,81,-0.03757064497948127
54.81009231736713,27.868212018972283,88,-1.7312013034449254
52.23884024279131,35.74222854598377,66,1.494938227453236
42.09525544554688,30.56635205268882,15,0.041325632270618466
54.714683571359956,22.808610108413166,96,0.4430021304473752
68.82024496475033,34.596144672876015,39,0.9515497705740432
63.454200461549775,26.65927957230503,70,-1.0211624575603007
65.93186626639397,39.366488881087726,1,0.47347189903522846
44.887843235688145,35.40024032857324,23,-0.26764109089879357
40.10395179741419,27.763390521706246,39,0.8467707752164937
48.74213079900352,36.40508180867556,57,-2.1272274203514954
50.557249122886944,30.339277552637018,81,-0.099094300241269
60.94191518470949,34.263868375611096,34,-0.6028206557839616
33.07535370285181,32.42366408647237,41,0.4322629506341556
65.29550319460614,25.768216725045633,93,0.47004418736820225
48.419921014210104,26.78225083841269,73,-0.7076258948220262
45.7311893005258,35.14980408790581,13,-0.7121738641760437
39.87895624739832,28.326123339467294,70,-0.11066536855732945
33.451433281342304,27.981757683790015,6,-0.8966422273152082
58.231705839619146,25.224387103253235,84,0.8419836954521269
50.73317967188404,32.11799532796731,52,-0.36920720044744615
37.10039100258946,40.31262459621573,3,-2.9069882193216414
37.049212279363836,24.662335428728635,81,-0.3748220566218061
46.64215300709872,30.12109728336379,63,-1.0385438208439723
66.69021525289394,37.061102777077146,49,-1.6312758154609455
47.40408648636395,29.601793043771423,76,-1.2374266382225725
34.96857046881894,32.26185898124867,47,0.10940847183297006
47.54256935914056,24.688032359265602,55,1.3286408282482312
47.2727643025233,32.141535486038244,64,0.31318447386498
23.031133570584284,29.064278674977256,65,-0.6065033882157399
49.45705133482188,34.928649978399314,81,0.4559041951707029
47.69065469791322,35.936930257823754,67,-0.45909031021899177
56.96206364813418,42.94781821009307,90,-0.6946003691631446
68.48956094945345,32.89816586606788,15,-1.1543626682329844
61.26565029547757,31.628981582910832,32,-1.7518288067517191
47.31111309445169,30.97192150788668,96,-0.3899237065594453
38.9347409125833,28.23416853594656,68,0.15805348992013185
75.7335980324986,31.692419217308455,18,-0.09662367001488972
50.59218434014488,28.522992949304854,83,-0.4159669279473586
50.13929291912946,30.84230488134807,43,-0.9457460606967811
49.758749128899964,36.587987678039795,35,0.6082461916849685
51.980847607678555,24.967287173601793,78,-1.317131919946585
48.556395880760576,35.699392805645225,58,0.7760279138434754
44.26337993119764,36.58557533669933,33,-1.0022170189267248
44.53141058759608,29.409657365044605,14,-0.7524352373530351
49.672467297840015,19.390725504957025,34,-1.466785190615677
44.56575228866235,26.960890064527838,61,-0.5014021468856367
42.871542173228356,36.484972732805545,4,0.9753124584779789
51.064302276918966,29.88565968850559,88,0.5156280884439565
47.45022782579145,25.003488838525445,59,0.9784221120280351
65.03992988582688,27.47612539385891,29,0.5221425459339358
23.490301916069882,34.20310013252276,83,-1.1036698285303692
60.91506851922462,32.7336678410069,6,-0.33078922432755736
62.46085192497629,28.805339504151526,97,-0.7801991291174627
29.266097675918505,28.16587794092656,49,1.3305749040390402
46.57312405919651,28.04120925478089,40,-1.1967886464263116
46.28559134004209,25.387949077507486,83,0.8936976893891109
35.92488305282179,38.07687844734721,65,0.8929538701087693
42.22183312409125,28.3883976539433,69,1.8296202017160872
38.894241545341714,36.085792604127484,27,-0.40968659262949736
67.52270443423623,37.60658025961226,80,0.7123221595801621
59.35678393147461,34.9915544907398,6,2.2816518365388427
62.71555094994159,27.841898436409757,13,-0.6176416769336966
57.21672064043235,32.018650451683044,64,-1.5350402475323597
38.70948228782771,29.879021968045418,62,-1.8800100339077637
44.75479733720226,25.481490696349358,99,0.7127120288613313
54.89374561227918,31.621796408608017,19,-1.8831502080585838
37.778721911080545,24.104801044200986,76,-0.37231905293792283
57.12998430172388,35.93839694230782,80,0.4373131870389607
47.59674601841865,27.676913513508033,43,0.18517553682991406
46.251791924504026,31.005798279364196,74,0.42544486418417227
57.10959968203492,31.41643935773071,89,0.22228985580085406
54.4426331148604,28.705475131479613,20,1.2788658133133932
46.3903383418092,32.933469007376374,95,-0.952316380738797
61.59329803364248,27.62548171688738,68,-0.6769951384585313
39.189366724001026,34.35648648728622,44,-0.772659445270824
56.15935606944264,23.270101598766257,23,0.8301918118626102
55.93101257968384,30.63189789773206,2,0.9003985883950636
46.904535606860094,39.694644995291426,22,0.4512253193185082
53.26133022242118,24.998343376972127,57,1.1834936668899279
37.488864236146966,26.611275147375743,72,-1.1780408673763807
59.24027019206901,32.569539248294575,7,1.6672241115511366
48.15097863557011,30.89790890969799,78,1.5232386217122578
44.772769794809605,31.753150496367795,56,0.7356219972457467
60.49009225836889,32.44593565073832,67,1.78179890877106
42.95656309457241,33.17360734280885,16,-1.6566232076777738
35.9153870363644,35.54849920978111,83,-0.5244481362626519
34.433708264760966,32.04909328464256,51,-0.7353034606819523
56.06009951345639,28.793711726907286,82,0.7214793237573432
37.19570647503717,33.362868506013655,80,-1.0501407396021456
67.54794181984364,39.49940967447608,72,0.7574951493374855
29.18070592116278,29.33683126808713,97,1.3705361439967134
66.96456368290038,25.127353476646793,12,0.6952029000839993
52.11017467202618,35.53540334643486,53,0.2837510236615011
49.032868881296075,29.398094180232007,75,-0.9878733409007492
44.550809131910505,19.13665226992982,5,-0.8468509661253646
53.991361143520706,34.23710838575211,27,1.2496189052966666
49.62365297575152,27.323359070230385,12,0.7793490039053323
61.03301882016522,29.547333588479198,17,-0.03901951937754412
51.142276486620396,31.659901652845075,6,-0.41790954576589057
51.50301761461878,30.952498398895333,97,-2.025807873111377
46.36387787786144,33.547259085695195,5,-1.0708524186844388
49.43054376278933,27.822568147150783,57,1.9114190871397234
53.07801768892059,32.565528990880416,28,-1.2804555710024668
32.89831607343375,28.702266612080415,78,0.18947982122108065
36.518145778942866,33.694052404437514,69,1.0074439731951985
57.43264094022715,33.07683742006527,59,-1.2549226680022925
51.708654381279416,25.322806489777022,33,0.1847104747810833
48.16016663647321,35.42991058087516,62,0.937915537510655
50.184339330653934,27.32018277442976,50,0.012499321907250335
53.47581705361671,34.040288991405724,19,2.8684030556667683
44.60240319690639,31.836436567006704,86,-1.6685992588781953
42.216952745976876,39.190918383975614,69,1.0587285298838789
51.958452550976816,28.88267008814074,66,-0.17280173739646437
40.21627222384968,28.253416019409013,94,0.7719201548366751
54.082527557144715,29.902901970561338,47,0.44130715169924584
32.9741639576216,28.484101085828623,39,-0.7331561971099966
60.291556373256434,33.99970950971025,68,0.22899639245934025
54.72597482413043,21.91844695781706,33,-1.8579014513982872
52.56029734313876,24.731587904268228,13,0.6032475005713938
59.82690983945514,24.660985392104035,84,0.29815846599052565
66.65474444462576,34.75153795986788,54,0.6386601686431024
60.1437006501813,38.553066862909624,7,1.0581183250871502
31.591257686683548,29.477753907312643,79,0.3676198402097109
37.204230332642986,29.155891384049948,87,0.1480894197982762
43.75181422304321,30.350260815565907,14,-0.8810683366612923
50.26091050210834,35.80939151304095,87,-0.712220763649051
55.17659020469123,25.36323432904713,19,1.186734620177331
42.742561868465344,31.191844913673926,54,1.4363354057059785
51.86766764477078,34.87598814891215,93,-0.23811043631205406
42.44617067646678,32.50547084969922,20,0.04600274725327412
43.884821970080516,30.947908082993717,29,-0.9046143749937661
35.93338903151778,35.005230462835705,24,1.1727568452674448
40.767667538890954,16.483838535003812,82,0.6654168236917787
36.48315394383666,33.38937659765454,63,1.9412174364637491
40.241267470226674,26.72962158436288,74,-0.8783230771797389
60.536417966078396,20.846835515717714,57,-0.3780078990182172
40.50601111168057,32.556012997624904,8,0.23144592252557222
76.32382064837391,36.86829272581479,90,0.6464895377257704
54.93317900880889,29.31275742686154,62,-0.21566763754763232
51.84836123694874,34.76437273601469,29,-0.8729610904537004
41.41642219818787,38.06139128994323,74,0.8814075289235711
57.00309879408991,36.57457226792024,17,0.7211353625455816
44.24362173762226,38.199822646856965,66,-0.9162741005637249
51.220098146453616,33.71063745535946,6,1.3554428011054958
75.60084538268795,30.377168194507963,58,1.1701987091966037
49.0394010027535,21.990170940514158,69,0.13429649724779288
61.49273326285676,28.769687559350256,28,0.07959786237603639
42.96823574874112,25.783767023419042,62,0.5540577711159071
49.65011509503038,40.854713587489066,41,-0.8617030702562581
67.7080063563551,29.120570937838316,69,0.03003147916408217
43.730329422122324,30.61602403392243,82,-2.1523835446091804
68.12448557996929,32.75742688020234,90,0.8764556455029355
57.07751935455475,30.218012231862268,84,-1.5614932224418594
44.37533224105732,38.47525520215377,41,1.503419828428999
56.32407739055521,26.88675319132774,49,-0.3301200939664503
59.7255444962673,30.973037276186215,91,-0.2116669819311769
56.21809962217196,26.28764707150976,49,-0.6277339060845056
34.297752801095434,23.39988744389647,76,-0.2880388739220764
42.728628241751316,26.941154545473573,71,1.4185313451480366
47.52481364448495,29.81481601475794,3,-2.4878086565350794
49.25566570899954,27.8534888774137,10,1.2769653860881878
56.20672097550678,26.53789510063072,98,0.33802348110170816
51.777010009332535,22.96841268164083,89,-1.2070216478572156
36.64655641289899,29.584472136856526,35,-1.0753123930492379
53.801978510059634,22.476398129844988,80,1.676393027208203
56.10585745283823,33.80027981844801,2,-0.9455068799427312
55.5979044793104,30.412198764672517,24,-1.1533505105959596
60.807807255546216,22.71224250267535,74,1.1373145423647297
58.33922154548904,28.453954614750682,38,0.33855287628591424
54.59180079228437,26.239217972047083,22,-0.9379255765363989
49.29834288541353,31.5958725520959,26,0.216624975404619
33.39039066484009,36.702252230115725,43,-1.0257526836402773
54.29618219132586,20.624137651771278,55,1.1008213984226052
52.076876871631114,30.575130395737087,39,1.0613709648731335
52.715788371953735,29.199336022166797,91,0.5320061988219431
37.232514241796906,33.35670038225233,29,0.3616610612470166
39.189434595917376,31.065983141188447,20,1.7611881248673737
60.53152853332904,26.240153341305906,91,-0.0003136726117747121
49.60444846143345,28.40473032166691,41,-1.1818741254208012
56.81500697372624,26.019870715982556,54,0.44947391283230687
50.28318376130459,35.38003569299299,20,2.0860470495371137
50.297561394957434,30.10655824335971,19,-1.0147594931858521
59.382838059759976,39.50595342876504,84,-0.36146276669398564
44.83955271782626,29.696695930926897,99,0.4164460381014525
50.96120776940983,26.457966165447687,66,-0.05390484900573917
45.377247112949576,22.431428036935863,30,-0.9823035803773149
45.65503772567684,20.984301618720274,53,1.1218578562304709
46.908278765313604,22.07932028497255,34,2.3200407220172594
52.221337716337125,31.335633255057417,22,0.1961314590239074
45.21251378336523,32.54362511614967,67,-0.9040682897360006
62.55756125573521,22.094046489839332,6,-1.548960525053475
41.05392697780496,34.47519157038058,79,0.2579759812211809
48.13128355838641,27.5846947415828,27,1.1038773433162576
45.60268941725825,30.733965059927748,10,0.4751677464953816
64.46977884353733,38.06110314127712,73,-0.002403840918853844
51.965547765115744,34.48419657932766,97,-0.5892716517893062
60.31844539468635,28.657346760470837,96,-1.0921636327180897
35.14439626963028,25.54403887292356,48,0.8347513263248821
52.67050265869259,19.240922993353475,70,0.9137716213855857
58.896307956234374,26.4042334037879,59,-1.5457297866907331
50.82283989275424,28.944348805861527,59,1.5898389781806839
60.654803750653514,25.064102364244082,2,0.5740712208940013
44.82711549899628,29.343715164538477,29,1.3995946451457935
64.0934744018558,30.384259414793842,68,-1.342127748485115
72.9889812361925,28.875720090959607,65,-1.365824155415439
46.37161439560341,26.7499870958827,83,-0.14896930976729691
45.54497478599228,30.84327335983364,26,0.5027844268951942
64.53384477117702,32.209703247847045,89,1.7963608229269636
65.79572145730712,24.54800461278577,10,0.7060789138151315
44.771399728467316,37.054661898731354,53,-0.24268127681203333
45.798131829041424,29.507059338578692,79,-1.0263692076658921
47.18215391139493,30.094248114724238,59,1.23000057271915
36.55549488965723,33.541072116282784,22,-0.964705425750715
40.81348053515802,31.166080656317508,51,1.628468554772322
39.95859233247932,34.76568316956622,48,-0.2843846496065094
42.32202434895871,31.43562082600912,21,1.5905820726178506
49.65315112613219,26.93781312679781,22,0.6789312900592783
52.342147325365204,31.80751762603051,98,-0.13699548944245826
65.50500492814076,24.28136896339669,30,-0.5193963718261266
40.016459592612094,30.542798528882617,25,-0.3409078773460798
59.843223984765835,29.833850046777695,28,0.4283166923752375
47.86011155774491,28.959415713637302,65,0.07715649621771674
49.50536290347567,29.357312442805345,45,-0.5938114080687051
56.748194921666034,20.590754772511804,68,-0.16563141031763223
38.772779784377015,27.256375461295193,7,0.0785770297191498
53.82409746184051,30.464224505705573,49,-2.128734094414812
51.66452208213056,30.799281959987002,9,0.4581681147886987
54.92451264008149,24.86162429537021,36,-0.9797212247168068
52.89168643907818,36.328539204323505,83,-1.153332403205745
74.55300139910894,25.669125758927496,1,-1.6873443471107104
43.62260015748684,34.84728600263368,10,-1.7938924978678903
44.690030449981826,32.13597180935842,36,-1.3554475031122892
43.76859473575236,26.768863450780984,73,-0.7090209576304904
44.44522880839745,38.876554463047555,46,1.9532591375265682
43.62612872693482,24.0318158412176,32,-0.5258796758952039
61.89016531107552,34.59577086805001,32,0.17775010626803134
64.20504247989855,35.00291159021489,6,0.4004813865063287
44.29253706250524,26.646898954616777,48,0.13106518621584873
41.67644426895771,36.962326500321645,38,-0.07744346072599365
54.71415556386404,28.749767427005235,17,-1.1952937635992447
44.477769557190285,31.443468146399287,74,1.4509275482792119
56.32931817755511,31.301609193856102,27,1.8071966436378852
52.029230208513,29.32845629264726,54,-1.6826586941226858
34.84255885002768,34.05404136579891,50,-1.0240285908863795
65.47505201330061,33.967443602761065,35,-0.27981034237700614
67.95877673095522,21.257340133809095,85,-0.9645377949101914
43.87211309515614,36.52170121439076,25,0.5059655534558652
46.122984400640156,21.68754005982163,28,-0.7282722024066131
52.85865390724905,35.16273102170829,15,2.1650560678066024
53.34456789987025,35.633525684137915,4,1.190548594343596
56.5854427267283,24.54516784892401,93,0.2125740306322149
70.1020453876635,27.945928560227077,73,1.0269862633197322
48.2305277250595,24.47147665757032,27,1.105900424357309
42.01702755461546,28.925394848556323,26,-0.5639474880582432
36.20680771985473,28.459828579071292,19,-0.8162172445419648
42.69069960058081,33.8983026613467,92,0.07814306296964744
49.66873027126203,36.55154373059804,17,0.861636124497944
67.94557863517788,36.97841905394978,43,0.13906039865341766
44.823887009638284,27.18915986710849,41,-1.5769964821909972
52.237879516388986,28.95389063127736,42,-0.8028244439508423
49.83577103927248,21.58280903889525,50,-0.07397286359437803
61.88393273448084,25.970649667519055,84,-0.07566560432583026
75.26932425873622,34.82425816548729,40,1.9725421767898081
44.69131227079679,38.07791411774116,39,-1.385987942398998
45.10560557481778,23.82825564060039,23,0.5055892418358746
60.44160877069072,27.037678704235528,96,1.4891131083282896
56.81891489626312,29.867971215205365,52,2.271449745422796
68.46707325736034,31.40080579409803,47,-0.40439742318396127
55.83928185325964,25.95198240039177,63,0.4914294527201996
46.40707909212941,32.12030522232045,97,0.5697603571986468
55.90654830692309,27.63080326464542,69,0.19548173155329082
61.087035805829075,29.927738645608603,43,-0.09884520123930605
58.204821811973645,32.7314212400185,48,0.4359753895000459
55.07274031107298,30.032111349054688,34,-2.5322460852196853
60.66674689589154,27.818070547367157,40,0.6820694900626313
61.692955904456724,29.451950980370846,75,0.12617790366196718
63.82158991037527,29.558185203973323,61,-0.22247489677826537
56.48709887589643,28.14994485058936,50,2.046862195719558
48.328819196831454,28.706019686664487,67,-0.6749340187905523
51.46713686433323,37.99323585252358,62,-0.4030759890650308
62.06508966508357,32.80459723970619,58,1.991553302204734
41.83064329012764,28.522598409854197,33,-0.8320613048498566
53.686733088729014,33.48477202255368,75,-0.5501152829365389
46.06661187672639,28.33090255121995,16,-0.14702542343084998
50.28744822934817,35.86562318793321,82,0.8407344821295493
62.78451862607299,31.84821096099047,94,0.2078025073533134
51.910990680199035,29.463489279978855,48,-1.2926253471522626
50.46436548156149,32.23858462905139,10,-0.5321685631271895
36.401438590200804,22.145619239657503,82,-0.6073544332122114
57.46253566027221,24.366162655450974,38,-0.07722104522304557
56.45484181141075,24.030374968004722,19,0.4258436586298291
71.6325472330546,30.714715473818533,36,0.4182057558879721
46.922217650469996,38.66257499742546,59,-1.7760117540484022
52.19150327663939,41.15650073096316,63,1.063940987560856
52.49383683710755,33.19025550720379,77,0.2525688459966235
65.77453279763475,32.50422237472228,46,1.3845320475939062
49.047044676130476,20.994711329236306,3,0.4441983272906719
52.790215257703395,27.28663100132989,74,1.1013229577357622
56.078965097165394,26.061081240458805,65,0.46654531145012695
51.86609123156358,26.89576200874442,91,1.3462257562027482
45.535663854494715,29.159280907076052,8,0.5222506360177785
51.94089992898308,27.639547111514364,51,-0.09791524644290406
60.73631749859772,20.103500948121063,81,2.2724347204468818
39.7348470058894,33.73955128058767,73,0.8890371222798921
51.32969674146876,24.63628487130097,6,0.5737444210044131
42.99879185060827,31.196234320555746,89,-1.276304416538336
61.950466289248425,40.370413348749864,39,-1.2883076174635377
34.76813095216225,25.403077042067885,60,0.2927154821418534
44.410781527284115,17.348562386268352,28,0.1455211977682408
53.772118750645205,28.569978890599447,97,-0.6141225650083162
65.65524029234341,35.50479817499286,54,0.14098269961205998
49.34249738927012,39.79173727110297,37,1.5886269280435956
44.44800473306802,23.852252027737915,9,0.6954024745502987
68.8115706944059,32.48349611618261,82,-1.1410085097527383
35.51986099583756,27.673447716099734,56,-0.1115088271429437
28.011940433799182,29.47025822847932,59,-0.8049664808525608
54.40014450053332,43.221716735085174,85,-0.38769991640856116
44.97945775647389,22.485148358024233,2,-0.41361566562964275
39.787671828692865,31.268698307472867,61,-0.4776455826040052
57.08356447299353,32.33846585882716,58,-1.2551353719733949
52.43800713771199,35.42893162469674,60,-0.12765468151819004
44.359213692632714,30.48991576735448,40,-0.5606076368473096
37.19695601329106,31.54025269752051,36,-2.929448690002268
58.724573282801444,28.041757162891045,37,2.052972024501663
56.50201177958661,31.345634706225535,79,1.088769654216672
49.00824136220617,28.28403862251295,92,-0.37630072492499606
68.46636996047665,33.107859449280255,18,0.018819049740598424
39.29915233673847,28.15194831978183,98,-1.1716543473175618
34.74474829075261,31.885501969510933,63,1.6957228778108653
43.080919301187556,29.853685931575107,22,1.8972886947731116
49.54413983644502,35.63025125386084,11,0.1566937282465246
52.43339449322692,29.74303138205757,58,1.0235306441853447
47.5876394214367,21.134837658965594,57,0.17528677893392386
53.520553965142966,36.30960750356996,77,-1.3367254388759306
37.484605758095555,25.471338495686904,4,-0.4118233689636573
64.4376460407326,26.7311683067559,86,0.13192796677195706
49.178488216074314,27.02169352978254,7,-0.4545477187434442
61.17295831588128,36.87219046585409,61,-0.218653277435036
53.42725346377704,19.32162893010652,54,-0.09139955750911515
54.567532191537836,45.68874266829997,88,-0.08087849786546193
55.69767280232204,35.28028404533026,68,0.05225849049748321
54.47708560017315,31.1161945706458,92,-1.060605066396601
56.42722759867544,29.725529996918567,79,-0.7170161491279362
63.29152530132431,31.427770374288286,1,-1.2845842656999693
51.9652116970147,32.60561214189669,55,0.9778155496862003
57.09003757588512,33.22607792975029,3,-2.1056469418403245
49.102643057127736,32.778022330017244,78,1.153590343316926
64.40117215449473,30.447903406276243,38,1.3863493972628438
43.2360769794073,29.01330789846337,1,-0.3021805869826214
68.00940432910815,29.243633581732443,38,-2.6031370878272986
49.59842049355657,29.025458598236597,85,-0.3613105619672905
35.69224897881952,35.66885048433532,29,-0.06418416128881928
51.28104414910789,32.96778361140431,5,-1.0105982199289136
43.18948342525119,15.298056826678598,74,-0.5152183938082429
58.406435489887244,33.279503882648804,92,1.5301951988633513
43.47376020697609,30.973680973593876,21,0.664927162301741
45.538165667852205,29.90645621777051,71,-0.9245641143780997
31.104592690544692,28.05740773455557,67,-1.597599169595432
45.47693680750923,35.620563599930065,47,-0.3270173176097708
25.761206733710434,34.73763231061429,84,-0.21345677935043805
34.16097176514277,26.135611660881956,83,0.4961991873633163
57.604146561442974,32.03526143562267,35,-0.535316712567659
57.85800158650832,25.141716327293572,68,0.5114995753618613
54.254575617849646,23.101909176055347,69,1.935154040060229
40.33023856870787,26.866413877050174,1,0.8155010224442626
49.5228864385802,34.311967361913794,68,-0.048088507330772585
49.963974609094315,34.76562522688043,12,-0.18315047105329468
38.416353108074574,32.56542710048647,60,-0.35667313417987123
65.0339830176715,33.625478934239986,27,1.1806409124521444
58.77362290575672,32.58089143557479,56,-0.6273134459513027
47.79035826170336,26.792592023885238,23,0.04522270899998256
50.26885838994531,32.159612723369705,25,0.05119790188108534
52.08382807947552,34.00204762613841,21,-0.5017841928115321
29.582651315757094,33.77145664906787,61,-1.372465547884101
47.52822617479403,35.94456685737322,63,0.32297450361766855
43.180157520022014,33.54151923600532,52,-0.06100397185538362
39.983799901050844,31.757241037707914,88,0.5002404694365699
47.18899707114045,35.350751191582134,25,-0.5336003064391669
67.97686526849523,29.8673937037547,55,1.2208212988130478
56.4084286126701,25.59062674386141,46,-0.8767737812118448
44.28821010217203,29.18466518028118,32,1.7120402840178925
55.72582781356159,26.275486775967753,55,-1.7476365098282616
