column_1,column_2,column_3,column_with_missing
54.96714153011233,36.99677718293001,30,19.6236372199913
48.61735698828815,34.62316841456384,95,20.98363857247807
56.47688538100692,30.29815184960087,75,20.25767901887999
65.23029856408026,26.76531611147213,99,13.342098881757394
47.658466252766644,33.49111656806795,72,
47.6586304305082,31.967426927108747,3,17.44578069721906
65.79212815507391,34.47596610013866,14,20.525634256725535
57.67434729152909,33.175859008409844,60,28.95577700781023
45.30525614065048,35.247763576596675,77,21.102444996422914
55.42560043585965,27.32382394219716,45,19.059410941482806
45.365823071875376,36.58697032817163,96,22.765404505931755
45.34270246429743,30.987998023461998,34,21.44806366162764
52.41962271566034,40.37630436312633,45,21.260283471355525
30.86719755342202,26.55406090955216,61,21.820551779647012
32.75082167486967,38.67981901582625,83,26.169630694488625
44.377124707590276,30.989553917313238,16,16.607334694022253
39.87168879665576,26.74290998192776,66,21.420896230434362
53.142473325952736,27.58057082972839,40,17.220856610055385
40.91975924478789,28.3982634590284,17,21.666537939026746
35.87696298664709,32.12082973200958,34,17.243940465541716
64.65648768921554,32.6141774401775,16,18.74789955918475
47.74223699513465,27.131499980307105,60,19.114730257286283
50.67528204687924,29.878227038695087,66,22.927450158034127
35.75251813786543,40.71135179305932,66,22.75536333182724
44.556172754748175,38.637715850503554,90,16.262847870660845
51.10922589709866,32.18161834837016,13,20.164802332999546
38.49006422577697,30.190017390841,56,17.871260435752482
53.75698018345672,30.600156633591308,31,16.224485267973996
43.99361310081195,33.06758986365208,34,
47.083062502067236,24.88603717400797,39,19.07455163463254
43.98293387770603,28.713117312883274,67,27.28014945903657
68.52278184508938,21.65707963061205,8,21.29887947608209
49.86502775262066,31.996115613026397,87,
39.422890710441,33.2359796985137,78,18.305677987487172
58.22544912103189,27.58406768850313,55,23.064149886288195
37.791563500289776,37.869933816450164,27,26.265328318609775
52.08863595004755,23.871171684988294,93,15.242050063286126
30.403298761202244,22.6781255989509,53,14.360226844582865
36.71813951101569,31.122259092799858,39,
51.96861235869123,35.23549151306077,65,21.168842532112713
57.38466579995411,38.419638457289345,17,17.395121804370902
51.7136828118997,27.7055786856553,30,21.603887258367305
48.843517176117594,35.393404167156476,53,12.092756782949367
46.98896304410711,29.807457652496463,13,20.010126519791484
35.214780096325725,29.136863500295902,21,20.983463518529256
42.801557916052914,34.41829968743336,19,22.77281041861349
45.393612290402125,33.261614392067095,53,16.958312143122388
60.57122226218916,22.118039215078753,19,20.257061484210077
53.43618289568462,37.38270174862948,57,17.223726121821237
32.36959844637266,36.90045677073726,25,20.766151267022952
53.24083969394795,26.872186492452354,86,17.313961032910928
46.149177195836835,31.979017667187044,31,18.775697482519337
43.23077999694041,32.47015093141369,81,17.012553815629314
56.11676288840868,31.303368829119535,55,21.95340872547097
60.30999522495951,27.2484742307729,23,22.575353349969994
59.31280119116199,26.641883160309742,32,19.296138290127757
41.607824767773614,29.872229645042772,62,20.114713984880083
46.907876241487855,35.86364509629682,74,15.654225756099368
53.31263431403564,32.71800077297216,10,19.100970055979637
59.75545127122359,28.14692833956947,72,
45.2082576215471,33.85849355324172,54,27.862379273089925
48.14341023336183,15.757286896849623,52,16.66409892267751
38.93665025993972,35.74382850186052,20,24.392531716257313
38.037933759193294,21.3014311061095,32,22.990576320397423
58.125258223941984,28.18779529298434,14,20.84190921347041
63.56240028570823,24.401650526869282,50,25.2758614525854
49.27989878419666,23.526592621395473,28,21.116316417820588
60.03532897892024,35.8041339368926,53,21.167477587003788
53.61636025047634,27.661493993440544,24,19.840638040947365
43.54880245394876,31.73251940865358,79,23.670706647255884
53.61395605508414,29.76539710560408,22,23.28940770143265
65.38036566465969,32.385204136115604,30,18.122968137511364
49.64173960890049,30.384109455301278,63,16.042258416203698
65.64643655814007,23.58503887905715,4,19.39105808781303
23.802548959102555,34.9813340972357,77,17.59988430680706
58.21902504375224,27.531217084193436,59,19.809426276153935
50.870470682381715,22.217090506701243,87,
47.00992649534132,27.859424195170437,8,18.62809503473963
50.91760776535502,37.503798953171554,82,19.871529856065276
30.124310853991073,34.251108710567465,12,20.174068204425186
47.80328112162488,28.256739327960705,31,22.545292646615852
53.57112571511746,28.253711478407855,78,13.259331998046184
64.77894044741517,28.391824743913087,34,18.17989911570411
44.81729781726352,40.383739917804206,82,20.63385107683842
41.91506397106812,31.909677261157768,98,23.600236869280582
44.982429564154636,32.15020823595535,75,18.524292657481386
59.15402117702074,35.151417270159214,76,14.370341881874378
53.287511096596845,31.193945795132567,49,21.859134337898407
44.70239796232961,28.704789270896484,79,18.093912833523113
55.13267433113356,29.01825075457511,57,16.431000022728917
50.9707754934804,29.641993702929682,95,
59.68644990532889,29.813888817450792,93,19.446423927032452
42.979469061226474,33.6381477181849,26,18.18576600638536
46.723378534022316,30.259729429036497,18,13.383301828702793
46.078918468678424,33.6632003860779,96,22.691198590661397
35.364850518678814,29.59641709945709,86,23.824625123836167
52.96120277064576,30.393175951580453,38,21.954565974018518
52.610552721798896,20.008996577339463,81,16.58694298872555
50.05113456642461,34.581638373512405,87,19.395525398157446
47.654128666248525,31.732442379489964,88,19.980436054311625
35.84629257949586,34.99005054929826,50,21.79638316868573
45.79354677234641,15.518723109031553,8,
46.572854834732304,40.44187352390364,41,17.797478603664512
41.977227307783814,29.302051859224132,6,
48.387142883339905,35.54091408368758,69,21.371841213845723
54.040508568145384,24.800470364372345,44,24.3674669664403
68.8618590121053,33.063869525312846,64,22.113519619474168
51.74577812831839,24.73292218413172,29,22.367170062126558
52.57550390722764,26.881155196520975,28,20.251479883788083
49.25554084233833,39.570156769333934,11,24.23137743561051
30.812287847009586,29.046587996183266,65,21.22928838787849
49.73486124550783,31.087164365898616,19,17.416736269479287
50.60230209941027,34.35033865344377,9,24.21010991037557
74.63242112485287,32.47840943986302,27,22.093709817617082
48.076390352188774,30.752094525717883,34,18.670867936614552
53.015473423336125,31.824805012331126,44,18.56152109780227
49.65288230294757,42.01707792619138,68,20.889726635422285
38.31321962380468,29.711906014832074,82,21.389554385802754
61.42822814515021,31.005495233574837,15,20.59187679689362
57.51933032686774,35.25327198003806,51,20.933926020328656
57.910319470430466,35.52762966478992,13,25.099872123729142
40.90612545205261,35.9351515278019,83,23.214629456704657
64.02794310936099,33.19365111014592,49,20.571906773795074
35.98148937207719,24.284975436347583,70,22.82393174230245
55.868570938002705,38.16715766150548,56,16.902428289417383
71.90455625809979,24.26827303490656,76,21.193781149840426
40.09463674869312,31.513177326195166,51,25.427919049199332
44.33702270397228,26.22862074990321,37,19.345862313822877
50.99651365087641,29.679308267035037,17,17.457098214142746
44.96524345883801,31.643812051517404,58,18.043733334220818
34.493365689338674,31.606786077251364,87,16.731100887972836
50.68562974806027,32.109603771176424,90,17.64571427561689
39.37696286273895,38.06855634529324,29,
54.73592430635182,32.2676715075699,33,15.783298942464073
40.805757657661964,28.779216823546758,60,20.046855001848808
65.4993440501754,34.820435841441785,91,22.70683152135994
42.16746707663763,35.947352444623206,89,17.27673145955924
46.77938483794325,23.86196092431504,55,24.557851770925307
58.135172173696695,32.98700034924929,10,21.532376265582784
37.69135683566045,33.50586371155449,47,23.09174175687217
52.27459934604129,28.51218248320004,23,18.02649633844359
63.07142754282428,36.878534066558096,85,22.563575681199847
33.92516765438772,29.249722064837364,21,16.72419829881406
51.84633858532304,30.627882267357712,13,22.670742502509526
52.598827942484235,29.13464087858065,33,20.515518019380593
57.8182287177731,30.077895237907338,24,21.65975365995435
37.63049289121918,24.51862456552399,11,16.473216183125444
36.795433869157236,22.79974558702853,17,17.314790473170184
55.21941565616898,37.97252531612486,68,21.791684654760154
52.96984673233186,25.76519325840836,47,17.154955987327398
52.504928503458764,25.043038252718464,25,21.38961887629737
53.46448209496976,19.233049431981428,94,15.898586580619263
43.19975278421509,26.805191261552487,73,22.544522638000004
52.322536971610035,23.384551032962506,21,16.302430055694472
52.93072473298681,38.21007580068184,84,21.65689981303857
42.85648581973632,35.04908544671317,83,21.876892800938002
68.65774511144757,26.559248274111383,83,17.909684544711276
54.73832920911788,41.26217902672154,12,21.74607970125418
38.08696502797351,34.90882743495797,37,20.78132679000067
56.5655360863383,28.37584308245689,42,
40.253183297726785,17.502971425632136,17,16.974335947771376
57.87084603742452,41.454712862953706,48,14.112122924982263
61.58595579007404,23.05213766618202,28,
41.7931768164829,21.773006265215542,41,15.305591685913834
59.63376129244322,35.1128521600482,99,20.286032598323924
54.12780926936498,42.19876203169636,47,19.209655351753252
58.2206015999449,36.921364092552594,18,22.037428326314586
68.96792982653947,32.8195456002618,78,19.093863501530407
47.54611883997129,32.97377170832643,99,19.011656640958726
42.4626383564251,34.267077793901535,71,22.195612112864886
41.10485570374477,33.79464294893383,13,21.005174087252353
41.841897150345616,31.405957119846878,82,20.948467871548335
49.228982905858956,30.52100551975938,13,21.40780276942558
53.411519748166434,29.687034360502388,31,15.393283630378683
52.766907993300194,26.23017705566662,2,
58.27183249036024,28.59662461566613,16,21.837406382040808
50.13001891877907,21.535215929023074,9,16.94995061427051
64.53534077157317,29.50830186602625,73,
47.35343166762044,25.05704446424541,38,19.882078137117105
77.20169166589619,24.482053413921143,75,19.5965096467948
56.25667347765006,30.899470755767393,54,21.001579899705604
41.42842443583717,36.960011431723,56,24.29410034549355
39.29107501938888,34.59158303001156,86,23.245300183018486
54.824724152431855,22.147496981884114,97,16.06334241970578
47.76537214674149,25.051859317148313,87,21.866209970918145
57.14000494092092,34.70385593994108,45,23.98679995860623
54.73237624573545,25.087563032308452,34,21.16042556206761
49.271710873431275,28.876834250014877,9,
41.532062819315954,32.75026049512276,88,26.036811337102296
34.851527753141355,25.158277725681824,8,
45.53485047932979,30.5268775307298,7,20.747925786925187
58.56398794323472,23.329872525408977,36,23.13526542225426
52.14093744130204,26.99316178024393,18,20.434663499290675
37.54261221288012,31.598909670712686,3,20.071709129854867
51.73180925851182,22.035031332341653,28,18.9457572928588
53.85317379728837,32.202373689801995,70,24.690240076496327
41.16142563798867,29.901811005366593,44,17.544714002173997
51.53725105945528,32.76244977208574,21,24.59710317403435
50.58208718446,31.119570670323306,28,21.499592371221112
38.57029702169377,36.82070214986922,54,15.802081475594177
53.577873603482836,30.626122513239537,54,21.102947878974266
55.60784526368234,27.852972294373735,65,13.699920477045127
60.83051243175277,30.611487515161418,21,21.876524050493106
60.53802052034903,32.71649014518194,99,22.655694448966972
36.22330632042909,30.24430035162852,13,18.22293213304384
40.62174960084877,30.202958456019413,57,20.370643087866746
55.1503526720866,26.490041560966223,49,25.862472301250857
55.13785950912209,26.68549541224526,54,18.48275988721419
55.150476863060476,22.986973641001534,10,16.823277238830197
88.5273149065472,38.7478837159347,53,24.444990207387796
55.70890510693167,23.780683823043574,44,25.887761571592385
61.35565640180599,26.53547401102046,47,20.01108701554354
59.54001763493202,26.40796367215401,53,23.03438910622507
56.51391251305798,34.474621884722204,74,24.024427746592643
46.84730755359654,28.52525160853986,46,17.772547302384847
57.589692204932675,36.23871036336867,13,18.544082493896394
42.27174785462428,26.63254687878066,37,23.692623539464204
47.63181393259991,31.39497081111901,24,25.05504283612553
45.14636452170897,25.823264733701212,2,21.688642580523066
50.81874139386323,40.72574563886694,86,17.360556939493836
73.14658566673509,24.062007904852436,81,25.961183335098323
31.32734807408252,31.549103551135136,14,18.407087306564108
56.86260190374514,33.168884404660496,10,18.994586656485644
33.87284128810348,32.06899548725749,35,21.027013503468865
45.280681342105666,29.073561705611457,25,24.662481262144322
60.889505969673664,29.35089650133287,3,22.561927929656672
50.64280019095463,30.219057359895547,17,
39.22255222070694,29.264989991857558,12,21.38986559035432
42.84696290740032,34.81939558397455,54,20.1305440059304
56.79597748934676,41.05261500795676,24,21.674418543555518
42.69633368282863,27.212541074960832,29,12.41131976691709
52.16458589581975,23.15098510210461,43,19.110177622790605
50.45571839903814,29.558589758243727,25,20.723965804750343
43.48399652394183,42.898546688271594,60,16.54695774914148
71.43944089325326,25.981627160151348,90,
56.33919022318011,38.195584027220335,65,19.386586337041635
29.74857413342393,38.388504070382204,84,25.266427094946472
51.86454314769428,27.232058791460027,28,24.71905917564457
43.38213535231612,32.84491539592638,16,18.602583292645512
58.52433334796224,38.14198311564269,47,
42.07479261567299,28.104361295062564,81,19.778157303174822
48.85263558533101,28.982098199488192,92,18.64502157152113
55.049872789804574,27.09159543025678,58,
58.657551941701215,24.926216346535664,76,
37.99703592944224,26.753612274669965,27,16.608153995187422
46.654987641590516,23.880298666188718,53,
45.25054688839044,30.17041734129613,42,21.88858875266543
43.46670767426288,26.150133844706794,59,17.587052721020022
67.65454240281097,31.16892955895374,47,22.686066292287798
54.049817109609556,22.220521768981865,94,
37.39116045664955,31.654401161072286,34,20.759495714113942
59.17861947054776,34.16764480804462,37,
71.22156197012633,20.031321787142723,6,19.89916230588886
60.32465260551147,31.87028284923786,7,
34.80630034045986,36.13834496236646,96,
45.15765927133749,23.951794906543974,96,19.41060024971571
62.669111491866225,38.362861934188516,25,19.38242170735898
42.923305343812196,32.095095046830224,33,17.760264960379285
54.43819428146229,26.474940721207957,55,19.469677510652655
57.74634053429337,29.72115461171147,58,15.35414510340876
40.73069528421917,32.791634562608614,7,18.526538758573686
49.404746439382,30.380026957062057,57,
17.587326599309275,32.693779962231844,12,19.23146074251386
39.756123586657104,25.39663203460317,16,19.275507662387664
47.4743184860684,30.84680412018039,80,19.814707400419614
37.52216818035151,22.9314275154751,43,
66.32411303931636,29.4438696932565,77,22.623551222397566
35.69858622039367,25.480461792676053,7,18.0507043194552
45.599555133030165,26.32235028705117,51,
51.30740577286091,36.18046587605219,73,16.87386676327069
64.41273289066116,35.45655060297135,32,18.53839123641522
35.6413784882056,33.045690604535885,75,18.944236046550472
61.63163752154959,24.538436176637106,8,17.69001180140763
50.10233061019587,28.41795775152599,97,16.111650007250315
40.18491348952049,36.06548849989592,87,18.631637517577435
54.62103474263271,30.708584568199523,89,20.544279860341913
51.9905969557347,41.59664769990847,72,21.785088397506694
43.99783122841205,31.96658919697186,45,18.327730840675038
50.69802084990019,30.96024558245016,86,18.7610065335697
46.1468640313824,28.454417678987493,59,17.21990507345807
51.13517345251248,30.66770452391141,4,19.90568248887567
56.62130674521046,29.237650818097283,67,17.454714097427555
65.86016816145352,33.54054338344295,29,21.7193834397236
37.62184501173151,34.78351158397292,29,14.642400524197667
71.33033374656267,26.070052697460252,98,18.921110982642613
30.479122004774982,23.34383523221111,98,20.903322017575224
48.482149049644164,20.818973134483517,28,20.551503548967514
55.88317206484576,32.53995663456272,77,28.07910099194149
52.809918677350325,24.483166969130632,79,21.049400073703723
43.77300480179406,19.235547035237587,87,16.987836209473972
47.918777496427246,31.942893022654822,44,19.713607258732782
45.06999065341167,42.46499758716395,90,14.671260999600644
44.106352430557884,29.969645442300532,4,19.75820075210972
58.49602097021025,34.19245387225821,90,17.500831828997725
53.57015485965047,30.409146792737825,9,22.746170826680483
43.070904047393455,29.505551734044285,5,18.351379176213396
58.995998754332504,34.59538241493884,56,19.64970225261426
53.072995208766095,28.548627279056742,96,18.09332647578679
58.1286211883896,31.336961570359513,84,
56.29628841923612,31.608489030980067,50,19.036271701646264
41.710049890779274,26.659547731784755,75,25.497671130437606
44.39818959803031,34.960211747682614,15,22.4424552863548
57.472936051232615,29.125201216522957,32,21.44620018200616
56.10370265433465,26.221274202535778,28,
49.79098406035852,32.68254921785202,22,21.181391894648755
51.17327383308782,25.507660091044812,17,14.216982261963171
62.77664895788425,30.140905786845643,59,19.16334981754773
44.0842861116417,29.95440501677898,90,22.535473913552966
55.470973811700375,35.42947782915789,71,19.853308449577682
47.97807347566106,32.373491164399766,57,15.784430459589275
47.8231879677278,29.87486520627428,26,
60.987768519871906,34.08883149600143,25,25.112316548766472
58.2541634898803,36.951037745086566,10,23.740675146604158
58.135096360006386,32.78905153175931,45,19.813987971901906
63.05478807154329,30.051763099216902,83,
50.21003841632759,23.440818838249204,11,18.900478938895844
56.81952971294964,24.674431684623137,77,14.888385239519843
46.89733243406544,28.47387647822666,53,17.226602035611336
53.24166352488442,26.952438989203586,72,24.688666305524592
48.698569456323156,29.06514348507277,68,19.178020754512087
50.96995964992718,30.283249624485535,95,19.269848061874946
55.95157025436914,32.64846377178365,28,19.10048541117536
41.81779316766527,29.647506109704544,75,
70.9238727568546,32.43250821913101,65,24.87787674608619
39.93982618500298,30.3223720740506,49,26.6563407003444
37.85811387212268,20.12266716823064,47,19.522864368799848
61.581108735000676,25.303323030906228,52,20.886873466241287
57.91662693962936,29.279562221391924,88,15.450072351737626
56.24119817052155,23.95152628579446,54,24.430803278354823
56.2834550926428,32.999643649981024,60,16.496661346196195
49.87753227153085,37.65375416171849,57,20.650326691287887
41.02745628514168,36.09380925848658,47,16.70809241710147
50.75804558193726,28.93278564534896,31,18.233399519783912
43.22838288487888,37.45363068424976,46,17.4882127068509
59.75119733417751,30.743337286010558,26,18.176374217972548
48.52942618497861,28.314570144409803,5,18.382631890553064
41.745028032074885,26.9329866822953,84,18.35519361522477
46.78614158347006,28.487651567559357,52,22.50000173534092
54.12931454275625,28.059115907293855,75,
44.36275447196025,30.85208111187744,54,20.6616242810416
41.77779604433569,30.802869905249324,33,23.653877456916675
52.436872114919126,30.015230100767074,50,18.460410906459813
52.44966571108723,32.18469084873175,38,17.846243327757193
44.9305682462887,35.95323137393171,27,19.30842612445925
45.289616943816775,34.74777067720662,98,23.53917562508213
52.32049937357636,22.575510157750482,15,20.582322892860073
35.51915658502676,17.230394325490227,96,18.406357116177205
35.92536225623445,34.67159955619637,61,21.45162995356412
42.81555778747564,23.165606507922895,21,16.69312355049073
47.86552848288153,28.87617299053658,46,22.044078531328843
53.10907565598004,24.149434869703203,69,21.225821923105304
64.75356216949552,20.9900978120999,6,19.076574586583348
58.576596232020194,32.70731364102394,38,17.484242604658306
48.40061470036573,33.79577580151324,62,
49.80983792097311,27.1174479963664,86,21.60445200903773
39.97470635362191,17.04478853927545,62,23.686941507467186
49.8148686400761,27.268777758737585,82,18.088076758913616
47.113413610798624,31.959020027012734,78,21.375160110654452
53.227185603380896,22.605442156129357,74,13.738918944193793
41.727690564476774,30.91679959889578,46,
55.193465142411725,29.923450754135022,13,19.906823201387294
65.32738913002578,32.89645749800544,95,17.2709497490545
48.91239851543143,30.597901842070765,94,17.190480875631213
54.01711722098941,25.13465529559222,3,17.99666133059334
56.90143991711113,35.982857508322454,94,
45.987795281141636,29.20735213486515,6,19.438012944780876
52.24092481810417,29.86347730245034,93,13.285306300025084
50.12592400781795,25.33366020463402,8,13.637899542094802
50.97676098548832,27.783588744042447,44,18.179404466428473
42.26990216144534,25.575986429865495,33,
50.245101742589426,29.135269700382885,81,
54.979982912454496,38.558542400711715,75,18.500809471545107
64.51143607795042,23.14049428534322,77,
59.59270826085207,21.932193010616295,50,24.165013334625343
71.53182457511556,37.35585163746804,11,18.844934564861408
42.326524371119504,28.95338161424067,95,21.148966954222786
58.723206367206785,26.654636306700418,28,20.42377142026239
51.83342005738352,35.199523436980385,70,13.608300560578398
71.89802933217672,26.97192230131568,41,22.30462164989521
41.91701714644849,39.13004856773468,16,20.646189516368864
41.60278157819224,33.38962935669635,68,21.52480591902377
44.00607354555978,27.560442959271487,99,31.778713119308982
28.76104275690193,40.786541066327516,48,13.747661181504235
44.74244978319239,26.97142538498331,56,25.174089949283324
42.40867338446302,33.71047686004653,64,19.137657441798932
51.50393786476208,31.49646290203246,59,20.861986713209028
53.41755975777159,36.50870644699399,90,19.863463264096275
68.76170839215887,37.807555983634266,62,18.72729099980587
59.5042383818605,30.160020745328833,76,18.290501215283726
44.23096344337597,26.232910648269083,11,20.988526206719026
41.01585328651642,32.29986071469558,89,15.448478909984964
54.919191715065054,26.61142315123947,18,22.251737502565298
36.797667929793576,40.066936237633115,19,
68.31458765854353,30.682676655413687,87,16.609791982878928
61.79440120721287,28.173392243439455,55,
45.30824347895295,30.923401529324543,82,23.771447650587717
32.86865470909122,23.264368552351517,26,
63.53872374165413,25.141929807446743,6,21.07536085462886
48.85460154747382,36.00206953972213,4,
62.378163119734616,26.71552860514302,29,
34.05572341205633,24.7654450865903,59,22.05652321637061
44.00624977046227,32.68326376263643,98,25.545826499889234
50.05243699718183,35.928520773314986,17,19.473308163502352
50.46980593764742,33.594766553325336,43,22.00596441427372
45.49934528520756,34.98023842902908,80,20.294202618616833
56.228499323474985,26.216024557152696,66,23.887615345589044
39.32379570617405,22.89094666629078,34,17.84350283717381
48.576205149787064,37.506668259777435,8,22.235015938631843
51.20295631711899,28.38660080578932,13,19.415908111649955
55.14438834058749,28.745834917724764,8,19.807435468674505
57.11614878088889,36.64097070924529,94,20.27525745334512
38.75357908162131,32.7811500470033,96,20.756721189280032
34.65885829264378,32.279438860408035,94,19.651312870634126
62.77676821898509,40.82501172450542,65,20.64413954951158
53.323140119795916,26.782408848099283,43,24.734354172686555
42.51513463443446,34.63920064040619,39,
65.51151975522522,30.285065624485423,81,22.60746377749069
51.156746342928585,31.342961394316287,59,18.633381421928387
61.792971840638266,37.64234213206266,84,17.332277515315027
50.67518481410109,32.53917878144812,88,22.86590167471326
70.60747924881987,32.69148039524816,86,22.628140377589382
67.55340842443205,35.362536686549014,93,24.418012027252946
47.51035851520926,28.175236352285573,86,18.18805812209231
59.71570950954355,25.803951663304968,44,19.31135403391896
56.45375949585148,24.775954029894834,9,15.081547512423697
63.68631557532348,20.168217053119992,37,18.82258668181738
40.35076539419896,40.28103564970161,74,22.98971153173834
56.86051459998439,24.483958171391585,36,18.600513862315406
60.58424486849588,28.89373188207114,92,21.921439385602472
32.41260513576886,28.615933500555396,28,19.428490682006565
38.16741487334225,31.537033489045502,42,20.972171084664684
29.607678222398995,34.078686062696484,43,16.556925830553
47.305931655554424,34.30236744179873,85,
57.17542255795962,27.084612807155306,88,11.02659208729783
65.02357052096028,29.164391431067944,42,19.439311525514047
50.74094780419775,31.412899752441497,66,15.10858026885458
66.28615545571292,28.756544369082263,55,23.61798354964045
36.198985417851084,38.03672788009996,72,22.332222058293535
32.96617560644845,32.45487475819126,48,21.400012945898244
49.44452301103381,33.67438893024909,91,24.56301868147814
53.840654489393074,33.31440634333706,22,17.15325043752549
49.67305251905907,35.86736928742663,27,25.242089593746673
29.325578999601234,30.905107793518535,93,22.796574692781153
49.10879960487212,23.515840260220767,67,19.290334138343162
36.95530499495147,31.998439758763208,13,23.406860441548833
56.69672548830039,26.743215531040853,45,16.681119462765096
53.665982460968486,27.356916591251217,10,17.52645751541698
40.60120213672645,32.931820093775464,9,18.174230830280898
44.861330826633065,36.191415357168175,54,18.413066875807953
39.40786478111048,30.106357883680307,27,
49.37320902726828,31.544165062994818,34,23.669249201285975
59.551423205012384,38.511074723176186,1,19.223436798890503
40.14273953664456,31.203765897442842,32,21.05751490507064
55.040465155178445,43.008415570901974,89,18.288945900758957
44.697423816275595,32.827548228157724,93,14.538190098354448
42.07127167737656,21.19618620422091,71,
48.929696400454425,33.76670810552266,67,14.26323507374067
39.64757677580626,31.90579192441389,84,19.794097861743595
44.46350694652818,36.44876377041373,20,15.895054883501569
38.021221074111516,33.365906756349794,94,25.961827997692424
69.6472513291639,29.307720080081133,35,22.734088166524167
50.35263551971729,23.878508818553172,99,
43.00274492007414,28.954883713569874,91,23.791120032964006
52.13979910734222,25.7473977289535,90,17.461052067602793
48.87671950309171,27.097382750976386,78,21.63043813601028
47.790304004667775,32.942892022103045,17,20.59943130115614
56.14166700043425,38.34952252175703,18,20.79206024400101
57.57507710047305,31.973357649114906,45,23.817060500320302
44.69498852389472,24.020584689824076,93,22.197476308339407
44.2418175935532,32.2230133411007,84,20.86617098847507
47.24948302848356,35.98315743322826,53,15.035337691315112
26.98078835264415,26.95108547840309,91,17.11986111416161
34.84808937801448,29.32991416663541,82,19.631873199212826
63.66874267444524,30.073440973645987,68,20.280117122829953
66.44967713501283,26.0755084345888,65,16.60938882597823
47.50963960443622,33.24140216921929,1,27.235030026735263
55.765569630557664,29.395259256961094,58,24.54918216576072
53.112501545435364,32.09766221953514,26,21.80635496117745
80.78880808455237,25.562539110989498,20,20.216110583851236
61.195749114345766,27.812708498382946,87,
48.72082408519233,33.61190678913886,10,17.144244619933293
40.44459559399574,28.135834239541165,59,20.232441555556587
33.93553679742428,38.63481925616703,75,20.773257620428254
52.03463635867223,28.001819071926988,41,16.274718273555127
42.436492547156966,31.12342362875943,5,21.002529251734693
35.77746290402326,34.66295415936545,65,19.534222853525755
43.534271157574736,22.908171335334842,17,14.276577326367827
39.18451996385605,21.19595594009612,22,17.418844967661496
66.87141635072565,22.371718427149528,98,18.75918339973507
58.816397569494505,36.31292051713591,41,
49.92027358683383,27.240709270537767,93,21.669659373601274
64.79944138890026,42.79099642834126,68,15.993555292700327
50.77368307647618,27.178762006713058,69,21.45810886825291
41.38715798671736,30.922756515985185,11,15.358088033184904
65.23124077269657,37.71054976283938,56,23.24807316166122
55.38910043684659,40.03046444079561,51,18.586626044546364
39.62753845673544,40.30751788318199,21,19.719091433782488
48.09661321916392,36.04183115296571,99,23.977389942626573
41.24381746615243,35.12031262905731,76,16.13850929424725
36.172002690356635,32.96263474600592,26,15.808645444661027
59.26177547531641,33.89180538083319,19,18.249202020961985
69.0941664047013,27.244071418357333,60,23.11513655305795
36.01432426180859,25.909005582888465,71,15.441961773569473
55.62969236690571,29.98312771294524,47,11.50353320566829
43.49357430878173,29.149076887375358,71,
45.12874616235304,27.733859753363625,26,21.65522239973276
44.07606075761131,33.481937237283574,40,23.60078524921649
41.36009230320184,34.77652604285255,5,18.610515913743804
50.48521627944827,30.442034431459238,21,18.765720178651993
41.69049883588962,37.38765040527631,78,23.461702202767242
52.704568257798385,24.291554429332475,4,14.390774900913739
49.49761890550863,29.03170270360141,23,18.83443767445097
47.6105195313359,26.415888396985974,84,20.57127166977517
40.92436337958402,20.6673169146347,15,21.347656163855103
44.23228669431667,29.586596570786504,93,18.47057992042735
57.55391225825756,29.39126245808358,8,20.103323035117523
55.009171876243805,37.567248716210656,41,12.535017939761032
40.22444755201449,33.154058422773886,19,18.025254762998454
50.99332305429226,24.879065878353977,46,21.360526137663403
57.51387123371789,39.27046283167094,28,17.05311789723596
33.305947188786284,36.10516847762676,91,20.17695266476879
55.43360192379935,32.910488517343076,68,21.340617502408094
43.37376241054153,28.86757950575084,15,18.972352397426704
55.70598668593159,25.202803816382602,99,20.511391312989712
42.367408434574834,28.138966119644735,37,17.111802304146163
31.95117899335481,35.443743098520926,1,
33.72457562116837,39.42293152967304,67,
50.48084946661382,37.71621764136094,24,20.470918882905302
52.59722501721482,27.55575289106863,27,18.240406191308193
40.956833748955916,24.401912833554945,40,20.67264921287238
56.38592458777374,30.70443123455602,63,22.143829371909852
33.3847993773104,21.15780317218574,61,13.850176164267566
49.33920201352684,31.615838570923906,36,23.477222194867693
37.889838002375434,29.261987068506656,98,18.991235783956785
43.48163892197841,27.66981749065879,93,21.27646979972069
50.47398671316414,22.02648466366602,24,23.591740770935683
41.39586634716048,32.568000532848586,24,15.884978908308602
46.154444557701744,27.336495801690443,4,17.87167699271736
60.0629280921444,24.15041582144856,67,19.134353912372884
44.231081304768516,15.638688933591753,34,17.648739436626716
58.35692112065142,29.862425474746818,57,25.204809727510426
38.702931453423815,38.86125798334872,49,17.429683718519623
55.298041779152825,38.30629607273935,87,18.3333596615394
64.41568620657901,27.71451871706864,53,20.61316709480893
25.283554998727105,26.988939698191096,23,16.393551421771733
42.03104744529523,32.34387128037512,69,18.81295786473121
55.7707212718054,25.008072804058543,95,20.952359783750524
47.96954613957007,31.50895949909733,53,19.00141878685247
53.71145873371309,33.83040139192345,62,19.719839423300154
43.960148132841795,36.13466611942154,41,18.412003662654886
50.865897874729,29.499229617600236,57,15.4565890724577
48.44322764607921,28.98163124911517,60,20.964779634017717
61.677820616598076,25.610087066217194,54,25.264799214941725
52.54420843301213,25.8655982298007,70,20.055204892350314
53.37602662075202,28.867605540492367,57,20.67579235174265
45.881230338775325,31.83682753408089,10,22.07816826535058
45.123937759275066,34.567923131166246,40,16.1920085103599
45.67441812180379,25.984105246598276,7,25.10754397438882
53.944521423782966,37.46344284479761,38,20.606986389268407
45.79015519179737,28.644381994787157,85,24.895570697267328
52.897748568964126,29.89316352825782,61,17.80090101342803
70.75400798645438,26.263941604260882,84,25.454185767673476
58.711247034316926,17.878798698635293,3,22.32546648210435
46.73976467832159,34.42022698180525,51,21.659120257557074
62.01213922163945,33.684219485462165,86,20.702073363059444
45.91924626978449,28.593362214408934,47,19.254414145776654
29.61875464822146,30.33495358612436,68,23.60159497542162
39.91913689082596,32.5796960885205,92,20.42107960954414
31.292080789741444,22.187270715567287,76,14.098790889238542
46.48486515958691,27.354736613268525,38,16.648440614878993
50.184183791895514,33.971323398109135,36,19.442462743421757
66.76437312275283,23.728552884153753,41,20.929996949496665
53.269273737641626,31.467789660833148,69,19.830234533300313
47.80899471191136,23.217090976882975,13,23.65691236938099
58.294055811834895,32.33214991216763,87,14.146694407884125
27.88864690992115,29.821792588512583,58,
52.35614558108566,21.924340920472453,50,14.546062323838536
57.70865193886967,35.82369677228586,30,22.279136886452505
35.214137542201584,26.327042116009753,62,19.71662385667399
61.43754043206929,25.948737814928098,25,21.258829916072354
53.38496407494414,31.002845986154714,27,17.4083511182307
45.847120860991986,35.743186747143575,51,23.838394794973254
56.32781866106285,24.920890905108017,78,23.125173992176553
72.70692857804396,30.30839924923986,57,21.750632909035662
51.81866255058495,32.14408250165287,47,19.611448259409677
52.48220586300336,33.46552803631572,39,21.739571855885398
45.40639100459756,30.882207776386124,16,17.87932229603795
41.50155630535208,28.164860804583387,22,22.566666977062138
58.303358165442454,25.862048896756402,85,24.948442682971763
41.43916174091133,30.430719415231874,54,23.211831679937557
50.715662372193925,24.639304940071966,21,17.81119259057777
45.223425532348834,15.393247582526964,72,21.084251951819308
54.78979825746392,32.18279902078834,16,16.120575368724058
53.33662105286948,34.519674205430974,59,21.717170933527026
60.375399442578995,18.18533782229081,31,21.351810238587618
44.89983601145253,24.95134647645031,42,14.390550981403507
47.30125064706629,33.09577130502599,74,16.51464846826291
40.21236284217693,40.2874773485585,32,19.1505833097687
45.55706739923889,30.10396853837704,59,19.09742075857752
53.77300493044852,26.35998529385433,34,16.371569193743586
57.56988616645352,29.0855177944758,9,21.166936188056553
40.77834675822375,36.87438209574093,81,20.754420826821537
58.6960592010566,26.770179104377323,11,19.417192604064443
63.55637858804951,26.00403996674873,96,17.73262549952491
54.13434903223701,27.58628238908984,10,23.146121379249692
68.76795812558066,25.233356958706437,86,24.966221339264887
42.26210800896427,30.613351579973976,17,
37.55345296688583,38.1233922923478,68,18.163499248535537
32.212797510957216,31.615396365580146,48,21.47362299623599
64.96044311489183,28.738232489368563,52,18.92591186075904
56.54365656354058,28.54094365542228,25,19.5818083980103
49.44415329089545,22.184045956516716,21,22.218959455174016
52.799686263198204,34.415548885735795,65,14.271931737478122
38.74510952701623,29.61081401493599,63,23.954906974558007
74.45751979616827,29.09760043204687,89,20.218041572988025
51.292211819752275,45.965537839224304,51,18.76552056631346
51.09394794604893,31.49376454182843,36,19.732297537335654
57.25766623898692,26.24104474952408,81,19.887288065061558
54.81009231736713,27.868212018972283,88,14.806396089665224
52.23884024279131,35.74222854598377,66,24.48481468235971
42.09525544554688,30.56635205268882,15,20.123976896811854
54.714683571359956,22.808610108413166,96,21.329006391342126
68.82024496475033,34.596144672876015,39,22.85464931172213
63.454200461549775,26.65927957230503,70,
65.93186626639397,39.366488881087726,1,21.420415697105685
44.887843235688145,35.40024032857324,23,19.19707672730362
40.10395179741419,27.763390521706246,39,22.54031232564948
48.74213079900352,36.40508180867556,57,13.618317738945514
50.557249122886944,30.339277552637018,81,19.702717099276192
60.94191518470949,34.263868375611096,34,18.191538032648115
33.07535370285181,32.42366408647237,41,21.296788851902466
65.29550319460614,25.768216725045633,93,21.410132562104607
48.419921014210104,26.78225083841269,73,17.87712231553392
45.7311893005258,35.14980408790581,13,17.86347840747187
39.87895624739832,28.326123339467294,70,19.668003894328013
33.451433281342304,27.981757683790015,6,17.310073318054375
58.231705839619146,25.224387103253235,84,22.52595108635638
50.73317967188404,32.11799532796731,52,18.892378398657662
37.10039100258946,40.31262459621573,3,11.279035342035076
37.049212279363836,24.662335428728635,81,
46.64215300709872,30.12109728336379,63,16.884368537468085
66.69021525289394,37.061102777077146,49,
47.40408648636395,29.601793043771423,76,
34.96857046881894,32.26185898124867,47,
47.54256935914056,24.688032359265602,55,23.985922484744695
47.2727643025233,32.141535486038244,64,20.93955342159494
23.031133570584284,29.064278674977256,65,
49.45705133482188,34.928649978399314,81,21.36771258551211
47.69065469791322,35.936930257823754,67,18.622729069343023
56.96206364813418,42.94781821009307,90,
68.48956094945345,32.89816586606788,15,16.536911995301047
61.26565029547757,31.628981582910832,32,14.744513579744842
47.31111309445169,30.97192150788668,96,18.830228880321663
38.9347409125833,28.23416853594656,68,20.474160469760395
75.7335980324986,31.692419217308455,18,19.71012898995533
50.59218434014488,28.522992949304854,83,
50.13929291912946,30.84230488134807,43,17.162761817909658
49.758749128899964,36.587987678039795,35,21.824738575054905
51.980847607678555,24.967287173601793,78,16.048604240160245
48.556395880760576,35.699392805645225,58,22.328083741530428
44.26337993119764,36.58557533669933,33,16.993348943219825
44.53141058759608,29.409657365044605,14,17.742694287940896
49.672467297840015,19.390725504957025,34,15.599644428152969
44.56575228866235,26.960890064527838,61,18.49579355934309
42.871542173228356,36.484972732805545,4,22.925937375433936
51.064302276918966,29.88565968850559,88,21.54688426533187
47.45022782579145,25.003488838525445,59,22.935266336084105
65.03992988582688,27.47612539385891,29,
23.490301916069882,34.20310013252276,83,16.688990514408893
60.91506851922462,32.7336678410069,6,19.007632327017326
62.46085192497629,28.805339504151526,97,17.65940261264761
29.266097675918505,28.16587794092656,49,23.991724712117122
46.57312405919651,28.04120925478089,40,
46.28559134004209,25.387949077507486,83,22.681093068167332
35.92488305282179,38.07687844734721,65,
42.22183312409125,28.3883976539433,69,25.48886060514826
38.894241545341714,36.085792604127484,27,18.77094022211151
67.52270443423623,37.60658025961226,80,22.136966478740487
59.35678393147461,34.9915544907398,6,
62.71555094994159,27.841898436409757,13,18.14707496919891
57.21672064043235,32.018650451683044,64,15.394879257402922
38.70948228782771,29.879021968045418,62,14.35996989827671
44.75479733720226,25.481490696349358,99,22.138136086583994
54.89374561227918,31.621796408608017,19,14.350549375824249
37.778721911080545,24.104801044200986,76,18.88304284118623
57.12998430172388,35.93839694230782,80,21.311939561116883
47.59674601841865,27.676913513508033,43,20.555526610489743
46.251791924504026,31.005798279364196,74,21.276334592552516
57.10959968203492,31.41643935773071,89,20.66686956740256
54.4426331148604,28.705475131479613,20,23.836597439940178
46.3903383418092,32.933469007376374,95,17.14305085778361
61.59329803364248,27.62548171688738,68,17.969014584624407
39.189366724001026,34.35648648728622,44,17.682021664187527
56.15935606944264,23.270101598766257,23,22.49057543558783
55.93101257968384,30.63189789773206,2,22.70119576518519
46.904535606860094,39.694644995291426,22,21.353675957955524
53.26133022242118,24.998343376972127,57,23.550481000669784
37.488864236146966,26.611275147375743,72,16.46587739787086
59.24027019206901,32.569539248294575,7,25.00167233465341
48.15097863557011,30.89790890969799,78,24.56971586513677
44.772769794809605,31.753150496367795,56,22.20686599173724
60.49009225836889,32.44593565073832,67,25.34539672631318
42.95656309457241,33.17360734280885,16,15.030130376966678
35.9153870363644,35.54849920978111,83,18.426655591212043
34.433708264760966,32.04909328464256,51,17.794089617954143
56.06009951345639,28.793711726907286,82,22.16443797127203
37.19570647503717,33.362868506013655,80,16.849577781193563
67.54794181984364,39.49940967447608,72,22.272485448012457
29.18070592116278,29.33683126808713,97,
66.96456368290038,25.127353476646793,12,22.085608700252
52.11017467202618,35.53540334643486,53,20.8512530709845
49.032868881296075,29.398094180232007,75,17.036379977297752
44.550809131910505,19.13665226992982,5,17.459447101623905
53.991361143520706,34.23710838575211,27,23.74885671589
49.62365297575152,27.323359070230385,12,22.338047011715997
61.03301882016522,29.547333588479198,17,19.882941441867366
51.142276486620396,31.659901652845075,6,
51.50301761461878,30.952498398895333,97,
46.36387787786144,33.547259085695195,5,
49.43054376278933,27.822568147150783,57,25.73425726141917
53.07801768892059,32.565528990880416,28,16.1586332869926
32.89831607343375,28.702266612080415,78,20.568439463663243
36.518145778942866,33.694052404437514,69,23.022331919585596
57.43264094022715,33.07683742006527,59,16.23523199599312
51.708654381279416,25.322806489777022,33,20.55413142434325
48.16016663647321,35.42991058087516,62,22.813746612531965
50.184339330653934,27.32018277442976,50,20.03749796572175
53.47581705361671,34.040288991405724,19,28.605209167000304
44.60240319690639,31.836436567006704,86,
42.216952745976876,39.190918383975614,69,23.176185589651638
51.958452550976816,28.88267008814074,66,19.481594787810607
40.21627222384968,28.253416019409013,94,22.315760464510024
54.082527557144715,29.902901970561338,47,21.323921455097736
32.9741639576216,28.484101085828623,39,17.80053140867001
60.291556373256434,33.99970950971025,68,20.68698917737802
54.72597482413043,21.91844695781706,33,14.426295645805139
52.56029734313876,24.731587904268228,13,21.809742501714183
59.82690983945514,24.660985392104035,84,20.894475397971576
66.65474444462576,34.75153795986788,54,21.91598050592931
60.1437006501813,38.553066862909624,7,
31.591257686683548,29.477753907312643,79,21.10285952062913
37.204230332642986,29.155891384049948,87,20.44426825939483
43.75181422304321,30.350260815565907,14,
50.26091050210834,35.80939151304095,87,17.863337709052846
55.17659020469123,25.36323432904713,19,23.560203860531992
42.742561868465344,31.191844913673926,54,24.309006217117936
51.86766764477078,34.87598814891215,93,19.285668691063837
42.44617067646678,32.50547084969922,20,20.138008241759824
43.884821970080516,30.947908082993717,29,17.2861568750187
35.93338903151778,35.005230462835705,24,23.518270535802333
40.767667538890954,16.483838535003812,82,21.996250471075335
36.48315394383666,33.38937659765454,63,25.823652309391246
40.241267470226674,26.72962158436288,74,17.365030768460784
60.536417966078396,20.846835515717714,57,18.86597630294535
40.50601111168057,32.556012997624904,8,20.694337767576716
76.32382064837391,36.86829272581479,90,21.93946861317731
54.93317900880889,29.31275742686154,62,
51.84836123694874,34.76437273601469,29,17.381116728638897
41.41642219818787,38.06139128994323,74,22.644222586770713
57.00309879408991,36.57457226792024,17,22.163406087636744
44.24362173762226,38.199822646856965,66,17.251177698308826
51.220098146453616,33.71063745535946,6,24.066328403316486
75.60084538268795,30.377168194507963,58,23.51059612758981
49.0394010027535,21.990170940514158,69,20.40288949174338
61.49273326285676,28.769687559350256,28,20.23879358712811
42.96823574874112,25.783767023419042,62,21.662173313347722
49.65011509503038,40.854713587489066,41,17.414890789231226
67.7080063563551,29.120570937838316,69,20.090094437492247
43.730329422122324,30.61602403392243,82,13.542849366172458
68.12448557996929,32.75742688020234,90,22.629366936508806
57.07751935455475,30.218012231862268,84,15.315520332674422
44.37533224105732,38.47525520215377,41,24.510259485286998
56.32407739055521,26.88675319132774,49,19.009639718100647
59.7255444962673,30.973037276186215,91,19.364999054206468
56.21809962217196,26.28764707150976,49,18.116798281746483
34.297752801095434,23.39988744389647,76,19.13588337823377
42.728628241751316,26.941154545473573,71,24.25559403544411
47.52481364448495,29.81481601475794,3,12.536574030394762
49.25566570899954,27.8534888774137,10,23.830896158264565
56.20672097550678,26.53789510063072,98,21.014070443305126
51.777010009332535,22.96841268164083,89,16.378935056428354
36.64655641289899,29.584472136856526,35,16.774062820852286
53.801978510059634,22.476398129844988,80,25.02917908162461
56.10585745283823,33.80027981844801,2,17.163479360171806
55.5979044793104,30.412198764672517,24,16.53994846821212
60.807807255546216,22.71224250267535,74,23.41194362709419
58.33922154548904,28.453954614750682,38,21.015658628857743
54.59180079228437,26.239217972047083,22,17.186223270390805
49.29834288541353,31.5958725520959,26,20.649874926213858
33.39039066484009,36.702252230115725,43,16.922741949079168
54.29618219132586,20.624137651771278,55,23.302464195267817
52.076876871631114,30.575130395737087,39,23.1841128946194
52.715788371953735,29.199336022166797,91,
37.232514241796906,33.35670038225233,29,21.08498318374105
39.189434595917376,31.065983141188447,20,25.283564374602122
60.53152853332904,26.240153341305906,91,19.999058982164676
49.60444846143345,28.40473032166691,41,16.454377623737596
56.81500697372624,26.019870715982556,54,
50.28318376130459,35.38003569299299,20,26.25814114861134
50.297561394957434,30.10655824335971,19,16.955721520442445
59.382838059759976,39.50595342876504,84,18.915611699918042
44.83955271782626,29.696695930926897,99,21.249338114304358
50.96120776940983,26.457966165447687,66,19.83828545298278
45.377247112949576,22.431428036935863,30,17.053089258868056
45.65503772567684,20.984301618720274,53,23.365573568691413
46.908278765313604,22.07932028497255,34,26.96012216605178
52.221337716337125,31.335633255057417,22,20.588394377071722
45.21251378336523,32.54362511614967,67,17.287795130792
62.55756125573521,22.094046489839332,6,15.353118424839575
41.05392697780496,34.47519157038058,79,20.773927943663544
48.13128355838641,27.5846947415828,27,23.311632029948772
45.60268941725825,30.733965059927748,10,21.425503239486144
64.46977884353733,38.06110314127712,73,19.992788477243437
51.965547765115744,34.48419657932766,97,18.232185044632082
60.31844539468635,28.657346760470837,96,16.723509101845732
35.14439626963028,25.54403887292356,48,
52.67050265869259,19.240922993353475,70,22.741314864156756
58.896307956234374,26.4042334037879,59,15.362810639927801
50.82283989275424,28.944348805861527,59,24.76951693454205
60.654803750653514,25.064102364244082,2,21.722213662682005
44.82711549899628,29.343715164538477,29,24.19878393543738
64.0934744018558,30.384259414793842,68,15.973616754544654
72.9889812361925,28.875720090959607,65,15.902527533753684
46.37161439560341,26.7499870958827,83,19.55309207069811
45.54497478599228,30.84327335983364,26,21.508353280685583
64.53384477117702,32.209703247847045,89,25.38908246878089
65.79572145730712,24.54800461278577,10,22.118236741445394
44.771399728467316,37.054661898731354,53,19.2719561695639
45.798131829041424,29.507059338578692,79,16.920892377002325
47.18215391139493,30.094248114724238,59,23.69000171815745
36.55549488965723,33.541072116282784,22,17.105883722747855
40.81348053515802,31.166080656317508,51,24.885405664316966
39.95859233247932,34.76568316956622,48,19.14684605118047
42.32202434895871,31.43562082600912,21,24.77174621785355
49.65315112613219,26.93781312679781,22,22.036793870177835
52.342147325365204,31.80751762603051,98,19.589013531672624
65.50500492814076,24.28136896339669,30,
40.016459592612094,30.542798528882617,25,18.97727636796176
59.843223984765835,29.833850046777695,28,21.284950077125714
47.86011155774491,28.959415713637302,65,20.23146948865315
49.50536290347567,29.357312442805345,45,18.218565775793884
56.748194921666034,20.590754772511804,68,19.503105769047103
38.772779784377015,27.256375461295193,7,20.23573108915745
53.82409746184051,30.464224505705573,49,13.613797716755563
51.66452208213056,30.799281959987002,9,21.374504344366095
54.92451264008149,24.86162429537021,36,17.06083632584958
52.89168643907818,36.328539204323505,83,
74.55300139910894,25.669125758927496,1,14.937966958667868
43.62260015748684,34.84728600263368,10,14.618322506396328
44.690030449981826,32.13597180935842,36,
43.76859473575236,26.768863450780984,73,17.87293712710853
44.44522880839745,38.876554463047555,46,25.859777412579703
43.62612872693482,24.0318158412176,32,18.422360972314387
61.89016531107552,34.59577086805001,32,20.533250318804093
64.20504247989855,35.00291159021489,6,21.201444159518985
44.29253706250524,26.646898954616777,48,20.393195558647545
41.67644426895771,36.962326500321645,38,19.76766961782202
54.71415556386404,28.749767427005235,17,16.414118709202267
44.477769557190285,31.443468146399287,74,24.352782644837635
56.32931817755511,31.301609193856102,27,25.421589930913655
52.029230208513,29.32845629264726,54,
34.84255885002768,34.05404136579891,50,16.92791422734086
65.47505201330061,33.967443602761065,35,19.160568972868983
67.95877673095522,21.257340133809095,85,17.106386615269425
43.87211309515614,36.52170121439076,25,21.517896660367597
46.122984400640156,21.68754005982163,28,17.81518339278016
52.85865390724905,35.16273102170829,15,26.49516820341981
53.34456789987025,35.633525684137915,4,23.57164578303079
56.5854427267283,24.54516784892401,93,
70.1020453876635,27.945928560227077,73,23.080958789959197
48.2305277250595,24.47147665757032,27,23.317701273071926
42.01702755461546,28.925394848556323,26,18.30815753582527
36.20680771985473,28.459828579071292,19,17.551348266374106
42.69069960058081,33.8983026613467,92,20.234429188908944
49.66873027126203,36.55154373059804,17,22.584908373493832
67.94557863517788,36.97841905394978,43,20.417181195960254
44.823887009638284,27.18915986710849,41,
52.237879516388986,28.95389063127736,42,
49.83577103927248,21.58280903889525,50,19.778081409216867
61.88393273448084,25.970649667519055,84,19.77300318702251
75.26932425873622,34.82425816548729,40,25.917626530369425
44.69131227079679,38.07791411774116,39,15.842036172803006
45.10560557481778,23.82825564060039,23,21.516767725507624
60.44160877069072,27.037678704235528,96,24.46733932498487
56.81891489626312,29.867971215205365,52,26.814349236268388
68.46707325736034,31.40080579409803,47,18.786807730448118
55.83928185325964,25.95198240039177,63,21.4742883581606
46.40707909212941,32.12030522232045,97,21.70928107159594
55.90654830692309,27.63080326464542,69,20.586445194659873
61.087035805829075,29.927738645608603,43,19.703464396282083
58.204821811973645,32.7314212400185,48,21.30792616850014
55.07274031107298,30.032111349054688,34,12.403261744340945
60.66674689589154,27.818070547367157,40,22.046208470187892
61.692955904456724,29.451950980370846,75,20.378533710985902
63.82158991037527,29.558185203973323,61,19.332575309665202
56.48709887589643,28.14994485058936,50,26.140586587158673
48.328819196831454,28.706019686664487,67,17.975197943628345
51.46713686433323,37.99323585252358,62,18.790772032804906
62.06508966508357,32.80459723970619,58,25.974659906614203
41.83064329012764,28.522598409854197,33,17.50381608545043
53.686733088729014,33.48477202255368,75,18.349654151190382
46.06661187672639,28.33090255121995,16,19.55892372970745
50.28744822934817,35.86562318793321,82,22.522203446388648
62.78451862607299,31.84821096099047,94,20.62340752205994
51.910990680199035,29.463489279978855,48,16.122123958543213
50.46436548156149,32.23858462905139,10,
36.401438590200804,22.145619239657503,82,18.177936700363365
57.46253566027221,24.366162655450974,38,19.768336864330863
56.45484181141075,24.030374968004722,19,21.277530975889487
71.6325472330546,30.714715473818533,36,21.254617267663917
46.922217650469996,38.66257499742546,59,14.671964737854793
52.19150327663939,41.15650073096316,63,
52.49383683710755,33.19025550720379,77,20.757706537989872
65.77453279763475,32.50422237472228,46,24.15359614278172
49.047044676130476,20.994711329236306,3,21.332594981872017
52.790215257703395,27.28663100132989,74,
56.078965097165394,26.061081240458805,65,21.399635934350382
51.86609123156358,26.89576200874442,91,24.038677268608243
45.535663854494715,29.159280907076052,8,21.566751908053334
51.94089992898308,27.639547111514364,51,19.706254260671287
60.73631749859772,20.103500948121063,81,26.817304161340644
39.7348470058894,33.73955128058767,73,22.667111366839677
51.32969674146876,24.63628487130097,6,21.72123326301324
42.99879185060827,31.196234320555746,89,
61.950466289248425,40.370413348749864,39,16.135077147609387
34.76813095216225,25.403077042067885,60,20.87814644642556
44.410781527284115,17.348562386268352,28,20.436563593304722
53.772118750645205,28.569978890599447,97,18.157632304975053
65.65524029234341,35.50479817499286,54,20.42294809883618
49.34249738927012,39.79173727110297,37,24.765880784130786
44.44800473306802,23.852252027737915,9,22.086207423650897
68.8115706944059,32.48349611618261,82,16.576974470741785
35.51986099583756,27.673447716099734,56,19.66547351857117
28.011940433799182,29.47025822847932,59,17.585100557442317
54.40014450053332,43.221716735085174,85,18.836900250774317
44.97945775647389,22.485148358024233,2,18.75915300311107
39.787671828692865,31.268698307472867,61,
57.08356447299353,32.33846585882716,58,
52.43800713771199,35.42893162469674,60,19.61703595544543
44.359213692632714,30.48991576735448,40,18.31817708945807
37.19695601329106,31.54025269752051,36,11.211653929993195
58.724573282801444,28.041757162891045,37,26.15891607350499
56.50201177958661,31.345634706225535,79,23.266308962650015
49.00824136220617,28.28403862251295,92,18.87109782522501
68.46636996047665,33.107859449280255,18,
39.29915233673847,28.15194831978183,98,16.485036958047314
34.74474829075261,31.885501969510933,63,25.087168633432597
43.080919301187556,29.853685931575107,22,25.691866084319336
49.54413983644502,35.63025125386084,11,
52.43339449322692,29.74303138205757,58,23.070591932556034
47.5876394214367,21.134837658965594,57,20.52586033680177
53.520553965142966,36.30960750356996,77,15.989823683372208
37.484605758095555,25.471338495686904,4,18.764529893109028
64.4376460407326,26.7311683067559,86,20.39578390031587
49.178488216074314,27.02169352978254,7,18.63635684376967
61.17295831588128,36.87219046585409,61,19.344040167694892
53.42725346377704,19.32162893010652,54,19.725801327472656
54.567532191537836,45.68874266829997,88,19.757364506403615
55.69767280232204,35.28028404533026,68,
54.47708560017315,31.1161945706458,92,16.818184800810197
56.42722759867544,29.725529996918567,79,17.848951552616192
63.29152530132431,31.427770374288286,1,16.146247202900092
51.9652116970147,32.60561214189669,55,22.933446649058602
57.09003757588512,33.22607792975029,3,13.683059174479027
49.102643057127736,32.778022330017244,78,23.460771029950777
64.40117215449473,30.447903406276243,38,24.159048191788532
43.2360769794073,29.01330789846337,1,19.093458239052136
68.00940432910815,29.243633581732443,38,12.190588736518105
49.59842049355657,29.025458598236597,85,18.91606831409813
35.69224897881952,35.66885048433532,29,
51.28104414910789,32.96778361140431,5,16.96820534021326
43.18948342525119,15.298056826678598,74,18.454344818575272
58.406435489887244,33.279503882648804,92,24.590585596590053
43.47376020697609,30.973680973593876,21,21.99478148690522
45.538165667852205,29.90645621777051,71,17.2263076568657
31.104592690544692,28.05740773455557,67,15.207202491213705
45.47693680750923,35.620563599930065,47,19.01894804717069
25.761206733710434,34.73763231061429,84,19.359629661948684
34.16097176514277,26.135611660881956,83,21.48859756208995
57.604146561442974,32.03526143562267,35,18.394049862297024
57.85800158650832,25.141716327293572,68,21.534498726085584
54.254575617849646,23.101909176055347,69,25.805462120180685
40.33023856870787,26.866413877050174,1,22.446503067332788
49.5228864385802,34.311967361913794,68,19.855734478007683
49.963974609094315,34.76562522688043,12,19.450548586840117
38.416353108074574,32.56542710048647,60,18.929980597460386
65.0339830176715,33.625478934239986,27,23.541922737356433
58.77362290575672,32.58089143557479,56,18.11805966214609
47.79035826170336,26.792592023885238,23,20.13566812699995
50.26885838994531,32.159612723369705,25,20.153593705643257
52.08382807947552,34.00204762613841,21,18.494647421565404
29.582651315757094,33.77145664906787,61,15.882603356347698
47.52822617479403,35.94456685737322,63,20.968923510853006
43.180157520022014,33.54151923600532,52,19.81698808443385
39.983799901050844,31.757241037707914,88,21.50072140830971
47.18899707114045,35.350751191582134,25,18.3991990806825
67.97686526849523,29.8673937037547,55,
56.4084286126701,25.59062674386141,46,17.369678656364467
44.28821010217203,29.18466518028118,32,25.13612085205368
55.72582781356159,26.275486775967753,55,
